NO,NAMA RUMAH,HARGA,Luas bangunan,Luas tanah,Kamar tidur,Kamar mandi,Kapasitas mobil dalam garasi
1,"Rumah Modern di Tebet dekat Stasiun, Tebet, Jakarta Selatan","0,0563","0,1101","0,0617","0,2500","0,2222","0,1111"
2,"Rumah Mewah 2 Lantai Hanya 3 Menit Ke Tebet, Tebet, Jakarta Selatan","0,0313","0,1919","0,1456","0,2500","0,3333","0,3333"
3,"Rumah Bagus Tebet komp Gudang Peluru lt 350m, Tebet, Jakarta Selatan","0,1250","0,3170","0,2236","0,5000","0,4444","0,2222"
4,"Rumah Mewah Modern Murah 3 lantai di Tebet Jakarta Selatan, Tebet, Jakarta Selatan","0,0620","0,2230","0,0743","0,3750","0,2222","0,2222"
5,"Rumah lama di Tebet, dekat MT Haryono dan tol dalam kota, jalan 1 mobil hanya 30M dr jln besar, Tebet, Jakarta Selatan","0,0250","0,0536","0,0713","0,1250","0,1111","0,0000"
6,"Minimalis Baru Jalan 2 Mobil Tebet Timur, Tebet, Jakarta Selatan","0,0547","0,1759","0,0312","0,3750","0,3333","0,0000"
7,"Brand New house di Tebet Barat, Tebet, Jakarta Selatan","0,0406","0,0856","0,0416","0,1250","0,2222","0,2222"
8,"Rumah Mewah di TEBET, Tebet, Jakarta Selatan","0,1328","0,3641","0,1382","0,2500","0,3333","0,0000"
9,"Rumah bagus di tebet, jakarta selatan, Tebet, Jakarta Selatan","0,1484","0,1458","0,0475","0,1250","0,2222","0,1111"
10,"#BAWAHNJOP#MURAH#CASHONLY#LELANG# RUMAH ASEM BARIS RAYAI COCOK UNTUK USAHA DEKAT SAAS, Tebet, Jakarta Selatan","0,1797","0,1289","0,6872","0,2500","0,1111","0,5556"
11,"Rukan Baru Siap Pakai di Tebet Jakarta Selatan, Tebet, Jakarta Selatan","0,0563","0,1101","0,0617","0,3750","0,3333","0,1111"
12,"Rumah bebas banjir di kebon baru tebet, Tebet, Jakarta Selatan","0,0313","0,0593","0,0669","0,2500","0,1111","0,1111"
13,"Rumah jalan 2 mobil, Tebet, Jakarta Selatan","0,0781","0,3170","0,0713","0,3750","0,3333","0,0000"
14,"Rumah standard hitung tanah di tebet dalam jakarta selatan, Tebet, Jakarta Selatan","0,1016","0,0818","0,1478","0,3750","0,1111","0,1111"
15,"RUMAH MEWAH CANTIK DI MENTENG DALAM TEBET JAKARTA SELATAN, Tebet, Jakarta Selatan","0,2656","0,1289","0,1464","0,3750","0,2222","0,2222"
16,"BRAND NEW 3 LANTAI DENGAN FASILITAS KOLAM RENANG DI TEBET - JAKSEL, Tebet, Jakarta Selatan","0,1359","0,3641","0,1441","0,3750","0,4444","0,3333"
17,"Rumah mewah 2 Lantai Murah full furnished bebas banjir di lokasi strategis rasamala tebet jakarta selatan, Tebet, Jakarta Selatan","0,2031","0,2230","0,4799","0,7500","0,4444","0,1111"
18,"Rumah di Tebet timur, Tebet, Jakarta Selatan","0,1094","0,2371","0,1218","0,6250","0,2222","0,1111"
19,"Rumah di Tebet , kebon baru , jakarta selatan, Tebet, Jakarta Selatan","0,0703","0,2700","0,1308","0,3750","0,4444","0,2222"
20,"Rumah 1.5 Lt Di Asem Baris Tebet Jakarta Selatan, Tebet, Jakarta Selatan","0,1563","0,5522","0,4762","0,8750","0,5556","0,1111"
21,"Rumah siap huni, Tebet, Jakarta Selatan","0,0469","0,1759","0,1077","0,7500","0,1111","0,1111"
22,"Rumah Baru, Bagus, di tebet Barat, Jajarta Selatan, Tebet, Jakarta Selatan","0,0453","0,1383","0,0565","0,1250","0,3333","0,1111"
23,"Rumah Minimalis Plus Mini Swimming Pool , Tebet, Tebet, Jakarta Selatan","0,0859","0,2230","0,1085","0,3750","0,4444","0,3333"
24,"Rumah Bagus Siap Huni, Tebet, Jakarta Selatan","0,0750","0,1054","0,1085","0,5000","0,3333","0,1111"
25,"Rumah Brand New Minimalis Elegan 2 Lantai Lokasi Strategis 5 Menit Ke Stasiun di Tebet, Tebet, Jakarta Selatan","0,0344","0,0724","0,0416","0,1250","0,2222","0,1111"
26,"Rumah Daerah Tebet, Tebet, Jakarta Selatan","0,1219","0,3170","0,1308","0,3750","0,4444","0,1111"
27,"Rumah Mewah Furnished Tebet Barat Swimming Poll Akses Patra Kuningan, Tebet, Jakarta Selatan","0,6406","0,7874","0,4056","0,6250","0,6667","0,0000"
28,"Rumah mewah hook siap huni dan terawat di gudang peluru tebet, Tebet, Jakarta Selatan","0,1547","0,5484","0,2779","0,3750","0,4444","0,1111"
29,"Rumah tebet, Tebet, Jakarta Selatan","0,0406","0,0771","0,1085","0,7500","0,7778","0,0000"
30,"Rumah baru Minimalis, Tebet, Jakarta Selatan","0,0469","0,1477","0,0490","0,2500","0,3333","0,2222"
31,"Rumah Minimalis 3 Lantai lokasi strategis bebas banjir ada mini kolam renang di tebet jakarta selatan, Tebet, Jakarta Selatan","0,0859","0,2230","0,1085","0,3750","0,4444","0,0000"
32,"Rumah Siap Huni Hadap Timur di Tebet, Tebet, Jakarta Selatan","0,0547","0,1759","0,0743","0,5000","0,2222","0,0000"
33,"Rumah Minimalis di Tebet Jakarta Selatan, Tebet, Jakarta Selatan","0,0547","0,1731","0,0379","0,3750","0,4444","0,0000"
34,"rumah 2 lantai , jalan depan 1 mobil , SHM , Tebet timur , Jakarta Selatan, Tebet, Jakarta Selatan","0,0469","0,1289","0,0639","0,2500","0,3333","0,1111"
35,"FATHUR TEBET RUMAH BAGUS lt 90m2 LOKASI BAGUS. HUB FATHUR:0818398080, Tebet, Jakarta Selatan","0,0250","0,0818","0,0267","0,1250","0,1111","0,1111"
36,"Rumah tua layak huni, HITUNG TANAH di Tebet Barat, Jakarta Selatan, Tebet, Jakarta Selatan","0,0703","0,1383","0,1374","0,7500","0,4444","0,0000"
37,"Di Juaal Cepat Rumah Mewah Di Menteng Dalam Fully Furnished dan Bangun Kualitas Terbaik hrg 15 M, Tebet, Jakarta Selatan","0,2188","0,2596","0,4376","0,6250","0,4444","0,4444"
38,"Rumah 2 Lt bagus dan TERMURAH Akses Jalan 2 Mobil di Tebet Utara, Tebet, jakarta Selatan, Tebet, Jakarta Selatan","0,0391","0,1195","0,0342","0,3750","0,3333","0,1111"
39,"Rumah Modern Minimalis 3 Lantai Full Furnished di Tebet Jakarta Selatan, Tebet, Jakarta Selatan","0,0516","0,0677","0,0684","0,5000","0,5556","0,0000"
40,"Rumah Tebet Dalam Jakarta Selatan, Tebet, Jakarta Selatan","0,0469","0,1195","0,0899","0,2500","0,1111","0,0000"
41,"rumah lama layak huni strategis dekat jalan tebet raya, Tebet, Jakarta Selatan","0,0234","0,0536","0,0267","0,2500","0,0000","0,0000"
42,"Rumah Huk, Tebet ,SHM+IMB ,menteng dalem , jakarta Selatan, Tebet, Jakarta Selatan","0,0586","0,1101","0,1055","0,3750","0,4444","0,0000"
43,"Rumah di tebet, Jakarta Selatan, dekat tol, Tebet, Jakarta Selatan","0,3438","0,6463","0,4131","0,7500","0,5556","0,3333"
44,"Rumah Cantik 3 Lt @Brand New Akses Jalan 2 Mobil TERMURAH di Tebet Timur, Tebet, Jakarta Selatan","0,0531","0,1759","0,0312","0,5000","0,4444","0,1111"
45,"Rumah cantik, minimalis , strategis & murah di Tebet, Tebet, Jakarta Selatan","0,0547","0,1477","0,0639","0,3750","0,3333","0,1111"
46,"hunian asri diselatan jakarta, Tebet, Jakarta Selatan","0,0625","0,1759","0,0936","0,3750","0,2222","0,1111"
47,"Rumah Mewah Cantik Asri Siap Huni Di Gudang Peluru Tebet Jakarta Selatan, Tebet, Jakarta Selatan","0,1875","0,1289","0,2519","0,3750","0,2222","0,0000"
48,"Rumah ditebet barat1, Tebet, Jakarta Selatan","0,0492","0,1439","0,0602","0,3750","0,3333","0,0000"
49,"Rumah Tebet Barat Dalam XB, Tebet, Jakarta Selatan","0,0438","0,1853","0,0565","0,5000","0,2222","0,1111"
50,"Rumah Bagus dan Minimalis Tebet, Tebet, Jakarta Selatan","0,1109","0,1712","0,1382","0,1250","0,2222","0,1111"
51,"Rumah terawat siap huni bagus jalanan dua mobil di Tebet, Tebet, Jakarta Selatan","0,0664","0,0790","0,0401","0,2500","0,2222","0,1111"
52,"Rumah Asri Dan Sangat Strateaigis Di Tebet, Tebet, Jakarta Selatan","0,0547","0,0536","0,0676","0,5000","0,3333","0,1111"
53,"Rumah Lokasi Strategis Dekat Jalan Raya di Tebet, Tebet, Jakarta Selatan","0,0813","0,1007","0,1085","0,7500","0,4444","0,1111"
54,"rumah tebet, bonus apartemen dan mobil, Tebet, Jakarta Selatan","0,0859","0,1759","0,1085","0,5000","0,2222","0,1111"
55,"Rumah Baru Murah di Tebet Timur Jakarta Selatan, Tebet, Jakarta Selatan","0,0391","0,1007","0,0431","0,2500","0,4444","0,1111"
56,"Rumah Tebet Jalan 2 Mobil Lokasi Strategis, Tebet, Jakarta Selatan","0,0344","0,0818","0,0565","0,1250","0,1111","0,0000"
57,"RUMAH BARU MURAH SIAP HUNI DI TEBET TIMUR JAKRTA - YUNIA , 081282940124, Tebet, Jakarta Selatan","0,0437","0,1289","0,0565","0,1250","0,2222","0,0000"
58,"Rumah Bagus, Siap Huni, Tebet, Jakarta Selatan","0,0781","0,1759","0,1070","0,6250","0,3333","0,1111"
59,"Rumah Second Hook Lokasi Premium Di Tebet - YUNIA 081282940124, Tebet, Jakarta Selatan","0,1373","0,3198","0,2519","0,3750","0,2222","0,1111"
60,"rumah tinggal tempati., Tebet, Jakarta Selatan","0,0703","0,1007","0,1605","0,5000","0,2222","0,0000"
61,"Rumah Tebet Murah Lokasi Strategis Ramai Jakarta Selatan, Tebet, Jakarta Selatan","0,0367","0,0536","0,0602","0,2500","0,2222","0,0000"
62,"RUMAH TEBET 165m2 SIAP HUNI HUB : 081280069222 FIFI PR-15815, Tebet, Jakarta Selatan","0,0391","0,1759","0,0825","0,5000","0,3333","0,1111"
63,"Rumah Baru Minimalis daerah Tebet Timur, Tebet, Jakarta Selatan","0,0578","0,1101","0,0617","0,2500","0,2222","0,1111"
64,"Rumah baru 2 lantai siap huni di tebet dengan harga terjangkau, Tebet, Jakarta Selatan","0,0391","0,1007","0,0431","0,1250","0,3333","0,0000"
65,"RUMAH KOKOH AMAN DAN STRATEGIS DI TEBET, Tebet, Jakarta Selatan","0,0289","0,0913","0,0267","0,2500","0,1111","0,0000"
66,"Rumah baru di Tebet Posisi hoek, Tebet, Jakarta Selatan","0,0391","0,0913","0,0416","0,1250","0,2222","0,1111"
67,"Rumah Tebet Mas Indah, Tebet, Jakarta Selatan, Tebet, Jakarta Selatan","0,1875","0,1251","0,1419","0,6250","0,2222","0,0000"
68,"Rumah 2 lantai ber carport 2 SHM di tebet jakarta selatan, Tebet, Jakarta Selatan","0,0516","0,1007","0,0431","0,2500","0,4444","0,1111"
69,"Rumah Mewah 2 Lantai Siap Huni Desain Apik Di Tebet Barat Jakarta Selatan, Tebet, Jakarta Selatan","0,0898","0,2700","0,1159","0,2500","0,3333","0,0000"
70,"Rumah Lokasi Strategis Di Tebet, Tebet, Jakarta Selatan","0,0344","0,1289","0,0371","0,2500","0,2222","0,0000"
71,"Dijual Rumah Siap Huni di Komp Gudang Peluru, Tebet, Jakarta Selatan lt 282m2, Lebar Jalan 3 Mobil,Hubungi 0813-1838-1838 / 0878-7838-1838., Tebet, Jakarta Selatan","0,1133","0,3735","0,1694","0,5000","0,4444","0,1111"
72,"Rumah Tebet Dekat Stasiun Tebet, Tebet, Jakarta Selatan","0,0352","0,0818","0,0565","0,3750","0,1111","0,0000"
73,"Rumah Minimalis di Tebet Jakarta Selatan, Tebet, Jakarta Selatan","0,0625","0,2512","0,2088","0,7500","0,3333","0,0000"
74,"Rumah Mewah di Tebet Barat Jakarta Selatan, Tebet, Jakarta Selatan","0,1328","0,3594","0,1434","0,5000","0,4444","0,1111"
75,"Rumah second semi cluster di Tebet Timur Dalam Jaksel, Tebet, Jakarta Selatan","0,0375","0,0724","0,0371","0,2500","0,2222","0,0000"
76,"Rumah Bagus,Cantik Sangat Murah, Tebet, Jakarta Selatan","0,0625","0,2465","0,0788","0,8750","0,5556","0,1111"
77,"Rumah Di Kebon Baru, Tebet, Tebet, Jakarta Selatan","0,0719","0,1759","0,1270","0,3750","0,2222","0,1111"
78,"BEST PRICE Rumah di Tebet, akses jalan 2 mobil, Jakarta Selatan, Tebet, Jakarta Selatan","0,0547","0,1101","0,0602","0,2500","0,2222","0,0000"
79,"Rumah strategis di Kebon baru, Tebet, Jakarta Selatan","0,1531","0,4111","0,2571","0,5000","0,4444","0,2222"
80,"Rumah Termurah di Tebet Utara Jakarta Selatan, Tebet, Jakarta Selatan","0,0250","0,1383","0,0275","0,3750","0,3333","0,0000"
81,"Rumah Murah dibawah harga dekat Mal Kota Casablanca Jakarta Selatan, Tebet, Jakarta Selatan","0,0406","0,1101","0,0542","0,2500","0,3333","0,0000"
82,"brand new rumah minimalis di tebet dekat sekolah dan TOl, Tebet, Jakarta Selatan","0,0383","0,1007","0,0431","0,1250","0,3333","0,1111"
83,"Rumah 1,5 Lantai di Tebet Timur Jakarta Selatan, Tebet, Jakarta Selatan","0,1000","0,1289","0,1508","0,2500","0,2222","0,0000"
84,"Rumah Bagus di Menteng Dalam, Tebet, Jakarta Selatan","0,1406","0,3170","0,1694","0,7500","0,3333","0,2222"
85,"Rumah mewah bebas banjir murah di tebet, Tebet, Jakarta Selatan","0,2188","0,6933","0,8700","0,5000","0,8889","0,1111"
86,"Rumah minimalis di Tebet, Tebet, Jakarta Selatan","0,0391","0,1007","0,0401","0,3750","0,2222","0,2222"
87,"Rumah Strategis Dan Minimalis Di Tebet, Tebet, Jakarta Selatan","0,0391","0,1759","0,0646","0,3750","0,2222","0,1111"
88,"Rumah Tebet Barat 2Lantai siap huni strategis area!, Tebet, Jakarta Selatan","0,0281","0,0913","0,0267","0,3750","0,2222","0,0000"
89,"Butuh Cepat, Rumah Bagus Di Tebet, Tebet, Jakarta Selatan","0,0344","0,0818","0,0193","0,3750","0,2222","0,0000"
90,"Rumah Siap Huni di Jl Tebet Raya,Lingkungan Tenang dan Nyaman, Untuk informasi lebih lanjut Hubungi 0813-1838-1838 / 0878-7838-1838, Tebet, Jakarta Selatan","0,1563","0,1994","0,1865","0,3750","0,2222","0,0000"
91,"Rumah bagus Full Furnish, Tebet, Jakarta Selatan","0,0625","0,2418","0,0713","0,3750","0,4444","0,0000"
92,"Rumah Tua Di Tebet, Tebet, Jakarta Selatan","0,0719","0,0875","0,1025","0,3750","0,1111","0,1111"
93,Dijual Sangat Murah Rumah Di Tebet Timur Lokasi Premium Dan Strategis - Jakarta Selatan,"0,0438","0,1392","0,0936","0,3750","0,3333","0,2222"
94,Rumah Lama Tebet Timur,"0,0469","0,1289","0,0684","0,1250","0,0000","0,0000"
95,"Edisi Turun Harga Masa Covid19 BU Rumah Mewah di Menteng Dalam, Tebet, Jakarta Selatan. Full Furnish","0,2188","0,6933","0,4740","0,3750","0,3333","0,3333"
96,Rumah Dijual Tebet,"0,0445","0,1289","0,0565","0,2500","0,3333","0,1111"
97,Rumah Siap Huni Jln 2 Mbl Nyaman,"0,0500","0,0913","0,0639","0,2500","0,2222","0,1111"
98,TEBET BARAT - Rumah Besar Akses 2 Mobil. SHM,"0,0780","0,2700","0,1159","0,3750","0,3333","0,2222"
99,Rumah siap huni di tebet timur jakarta selatan,"0,0469","0,1101","0,0728","0,2500","0,2222","0,1111"
100,Rumah baru lux furnish di kawasan elit tebet jakarta selatan,"0,6406","0,7404","0,4056","0,3750","0,4444","0,4444"
101,Rumah Baru Di Tebet,"0,1328","0,2606","0,1382","0,2500","0,2222","0,1111"
102,Rumah siap huni baru di tebet jakarta selatan,"0,0469","0,1195","0,0639","0,2500","0,3333","0,1111"
103,"Di Kebun Baru Rumah Terawat, Area Strategis","0,0469","0,0715","0,1308","0,2500","0,3333","0,0000"
104,Di jual Rumah Cantik Bangunan 2 Lantai di Tebet,"0,0938","0,3170","0,1694","0,7500","0,3333","0,2222"
105,Rumah Tua di Tebet,"0,0551","0,0348","0,0795","0,2500","0,1111","0,0000"
106,Di Jual Cepat Rumah Mewah Konsep Minimalis Modern Di Tebet Jak Sel,"0,3750","0,3970","0,3685","0,3750","0,5556","0,1111"
107,Rumah Huni Di Kawasan Utama Tebet,"0,2953","0,2662","0,2942","0,3750","0,4444","0,1111"
108,Rumah Lama Jalan Lebar,"0,2188","0,3170","0,3893","0,5000","0,2222","0,1111"
109,Tebet Rumah Harga Menarik Jalan Dua Mobil Dekat Kasan Kuliner Tebet,"0,0406","0,1007","0,0684","0,1250","0,2222","0,0000"
110,"Dijual Rumah Cantik Murah Siap Huni Di Tebet Timur, Tebet Jakarta Selatan","0,0461","0,1289","0,0698","0,2500","0,2222","0,0000"
111,Dijual Rumah Brand New di Jl Tebet Timur Dalam,"0,0453","0,1289","0,0565","0,1250","0,1111","0,1111"
112,"TEBET - Siap Huni di Jalan 1 Mobil, Bagus","0,0445","0,1627","0,0617","0,2500","0,2222","0,1111"
113,Dijual Rumah Lokasi Sangat Strategis,"0,1281","0,3641","0,4762","0,7500","0,5556","0,1111"
114,"TEBET Akses 3 Mobil, Rumah Siap Huni","0,0773","0,1477","0,1085","0,1250","0,2222","0,1111"
115,Dijual Cepat rumah di Bukit Duri Tebet SHM,"0,1016","0,4111","0,1679","0,2500","0,3333","0,0000"
116,Dijual Rumah Tebet Timur Lokasi Premium Nyaman Dekat Taman Honda Jalan 1 Mobil,"0,0328","0,1289","0,0364","0,1250","0,2222","0,0000"
117,Dijual Rumah Second Siap Huni Strategis di Tebet Jaksel,"0,0938","0,3170","0,0951","0,2500","0,2222","0,1111"
118,Rumah Tua Hitung Tanah di menteng Dalam Tebet,"0,3750","0,4581","0,5840","0,3750","0,2222","0,5556"
119,Dijual Rumah di Tebet,"0,1563","0,2041","0,2155","0,1250","0,2222","0,1111"
120,Rumah baru siap huni di tebet jakarta selatan,"0,0523","0,1101","0,0579","0,2500","0,2222","0,1111"
121,"Rumah Di Asem Baris, Tebet","0,3750","0,2747","0,7541","0,3750","0,3333","0,3333"
122,Rumah Cantik Menawan Siap Huni Di Tebet Timur Jakarta Selatan,"0,0516","0,1759","0,0750","0,3750","0,2222","0,1111"
123,TEBET Rumah Mewah Siap Huni Lingkungan Aman dan Nyaman,"0,1219","0,3170","0,1308","0,5000","0,5556","0,1111"
124,"3 Bedrooms House Tebet, Jakarta Selatan, DKI Jakarta","0,1875","0,1439","0,2452","0,1250","0,2222","0,1111"
125,Di Jual Rumah Brand New Di Tebet,"0,0578","0,1759","0,0713","0,2500","0,2222","0,1111"
126,TEBET Rumah Baru Siap Huni Jalan Dua Mobil Lebar Dekat Jalan Raya,"0,0969","0,1759","0,0795","0,1250","0,2222","0,1111"
127,"Dijual Cepat Rumah Minimalis Modern siap huni Di Kebon Baru, Tebet Jakarta Selatan","0,0391","0,1214","0,0490","0,3750","0,3333","0,1111"
128,TEBET Rumah Mewah dan Terawat Lokasi Premium Akses Mudah Jalan Tiga Mobil,"0,1078","0,2982","0,1270","0,3750","0,2222","0,1111"
129,"TEBET MENTENG DALAM - Rumah Cantik, Minimalis, SHM","0,0281","0,0818","0,0364","0,1250","0,2222","0,1111"
130,TEBET DALAM - Rumah Brand New Minimalis SHM,"0,0250","0,0630","0,0156","0,1250","0,2222","0,0000"
131,"Rumah Siap Huni di Tebet Timur 1, Jalan Lebar 3 Mobil","0,0766","0,1759","0,1100","0,3750","0,3333","0,1111"
132,Rumah Tebet Timur Hitung Tanah 338m2,"0,0914","0,1468","0,2110","0,3750","0,2222","0,2222"
133,"Rumah Baru, Di Asembaris, Kebon Baru Tebet, Jakarta Selatan","0,0547","0,2465","0,1278","0,5000","0,3333","0,0000"
134,Rumah Layak Huni Di Tebet Jual Cpt Jalan 1 Mobil 30m Dari Jln Besar,"0,0250","0,0536","0,0713","0,1250","0,1111","0,0000"
135,Rumah Baru Renovasi Siap Huni Teebet (Best Price),"0,0312","0,0724","0,0639","0,3750","0,2222","0,0000"
136,Rumah Cantik Brand New 3 lantai siap huni,"0,0625","0,1101","0,0542","0,3750","0,3333","0,1111"
137,Rumah hoek di Tebet Barat,"0,0469","0,1289","0,0602","0,6250","0,3333","0,1111"
138,Rumah brand new siap huni di Tebet Timur,"0,0391","0,0818","0,0431","0,2500","0,3333","0,0000"
139,"The Classic Luxury House With Pool @Brand New near Cassablanca Area, Palbatu, Jakarta Selatan","0,0797","0,2935","0,0565","0,3750","0,3333","0,2222"
140,Rumah Super Mewah Tebet Jakarta Selatan Harga Siap Nego,"0,4531","0,6933","0,3299","0,3750","0,4444","0,4444"
141,Rumah Siap Huni di Jl. Tebet Utara,"0,0859","0,1759","0,0944","0,7500","0,3333","0,1111"
142,Rumah Minimalis Tebet Dekat Jalan 2 Mobil,"0,0430","0,0818","0,0431","0,1250","0,4444","0,1111"
143,"Rumah Minimalis Tebet 2 Lantai Dekat Pusat Bisnis Tebet, Jaksel","0,0828","0,1289","0,0587","0,2500","0,2222","0,1111"
144,Rumah Siap Huni Dalam Komplek Nyaman Tebet-Jakarta Selatan,"0,2188","0,3923","0,2474","0,2500","0,3333","0,2222"
145,"Rumah Minimalis Tebet 90 Meter, Dekat Jalan 2 Mobil","0,0258","0,0583","0,0267","0,1250","0,3333","0,1111"
146,"Rumah Siap Huni Dengan Luas Tanah 360 Meter Jalan Lebar, Bebas Banjir Tebet-Jakarta Selatan","0,2734","0,6933","0,2273","0,3750","0,6667","0,4444"
147,Rumah Mediterania Jalan Lebar Lokasi Strategis Tebet Jakarta Selatan,"0,2109","0,4111","0,1880","0,1250","0,3333","0,1111"
148,"Rumah Cantik Siap Huni Jalan Lebar Di Kawasan Premium Tebet, Jaksel","0,1211","0,2700","0,1100","0,2500","0,4444","0,2222"
149,"Rumah Siap Huni Jalan 2 Mobil, Jarang Ada, Sertifikat Hak Milik","0,0750","0,1289","0,0624","0,3750","0,3333","0,1111"
150,"Rumah Siap Huni Di Tebet Timur, Jalan Lebar, Dengan Kolam Renang Outdoor","0,2188","0,1759","0,1902","0,2500","0,4444","0,1111"
151,"Rumah Hitung Tanah Di Jalan Lebar, Kawasan Nyaman, Paling Murah!!","0,2188","0,3170","0,3908","0,3750","0,3333","0,2222"
152,"Rumah Di Jalan 1 Mobil Kawasan Nyaman Tebet Timur, Jakarta Selatan","0,0203","0,0348","0,0267","0,0000","0,1111","0,0000"
153,"Tebet Barat Rumah Bagus Siap Huni, jakarta Selatan","0,0461","0,1289","0,0832","0,2500","0,3333","0,2222"
154,"Tebet Rumah Lama Murah, Jakarta Selatan","0,0273","0,0536","0,0602","0,1250","0,1111","0,0000"
155,"Tebet Barat Rumah Murah Strategis Area, Jakarta Selatan","0,0352","0,1769","0,0684","0,7500","0,7778","0,1111"
156,Rumah Cantik Siap Huni,"0,0248","0,1007","0,0163","0,1250","0,2222","0,1111"
157,Regensi Tebet Mas,"0,0547","0,0724","0,0639","0,3750","0,3333","0,1111"
158,Rumah bagus SIAP HUNI Akses Jalan 2 Mobil One Way di Tebet Timur,"0,0547","0,1289","0,0698","0,3750","0,3333","0,1111"
159,"5 Bedrooms House Tebet, Jakarta Selatan, DKI Jakarta","0,0961","0,1759","0,0802","0,3750","0,2222","0,1111"
160,"Rumah Bagus 2 Lt Akses Jalan Lebar di Tebet Utara, Jakarta Selatan","0,0859","0,1712","0,0527","0,2500","0,2222","0,2222"
161,Rumah mewah siap huni di tebet barat jakarta selatan,"0,0898","0,2700","0,1159","0,2500","0,3333","0,0000"
162,Rumah Tebet Barat Dalam LT480 Jakarta Selatan,"0,3438","0,3923","0,4056","1,0000","0,3333","0,1111"
163,"Rumah Siap Huni di Tebet Timur 1, Jalan Lebar 3 Mobil","0,0859","0,1289","0,1248","0,5000","0,1111","0,1111"
164,"Rumah di Tebet Utara Jalan 2 Mobil, Lingkungan Nyaman dan Lokasi Strategis Akses Mudah Dijangkau","0,0406","0,1007","0,0684","0,2500","0,2222","0,0000"
165,"Dijual Rumah Mewah 2 Lantai di Tebet Barat, Jalan 3 Mobil, Lingkungan Nyaman dan Aman","0,1219","0,3170","0,1308","0,5000","0,5556","0,1111"
166,"TEBET TIMUR LT 135 M2 - Rumah Termurah, Hitung Tanah Saja","0,0141","0,0677","0,0602","0,1250","0,2222","0,1111"
167,Rumah Mewah Brand New Jalan Utama Tebet Timur Dalam,"0,4375","0,8627","0,4591","0,3750","0,5556","0,3333"
168,Rumah Termurah di Tebet Barat Jakarta Selatan,"0,0242","0,0818","0,0267","0,2500","0,3333","0,1111"
169,Rumah Baru di Tebet Barat Jakarta Selatan,"0,0359","0,0536","0,0267","0,3750","0,3333","0,1111"
170,TEBET Rumah Siap Huni Desain Rumah Rumah Bagus dan Nyaman,"0,0328","0,1289","0,0267","0,1250","0,2222","0,0000"
171,TEBET BARAT Rumah Siap Huni Lokasi Premium Jalan Tiga Mobil,"0,0773","0,1477","0,1085","0,3750","0,3333","0,0000"
172,TEBET Rumah Siap Huni Lokasi Sangat Bagus Aman dan Nyaman JARANG ADA,"0,0797","0,1759","0,1114","0,3750","0,2222","0,1111"
173,TEBET Rumah Baru Siap Huni Lokasi Premium Nyaman Untuk Tempat Tinggal,"0,0344","0,0818","0,0245","0,2500","0,2222","0,1111"
174,TEBET Rumah Siap Huni Kondisi Relatif Baru,"0,0234","0,0724","0,0178","0,2500","0,2222","0,0000"
175,Brand New Townhouse Mewah Di Dekat Patra Kuningan,"0,1797","0,5052","0,1144","0,2500","0,4444","0,3333"
176,"Rumah Besar,Siap Huni Di Tebet Jakarta Selatan","0,1094","0,0837","0,1308","0,1250","0,2222","0,0000"
177,Rumah Lama Hitung Tanah Supomo Tebet Jakarta Selatan,"0,1250","0,1289","0,1308","0,5000","0,2222","0,1111"
178,Di Jual Di Bawah Harga Pasaran Rumah Siap Huni Di Tebet Timur Jaksel,"0,0469","0,1101","0,0750","0,2500","0,2222","0,1111"
179,Dijual rumah di tebet jakarta selatan strategis dekat jl. mt. haryono,"0,0430","0,1289","0,0602","0,3750","0,2222","0,2222"
180,Dijual Murah Rumah Mewah di Tebet Utara Jakarta Selatan,"0,3281","0,9567","0,4198","0,6250","0,5556","0,3333"
181,Rumah murah asem baris,"0,0172","0,0913","0,0490","0,5000","0,2222","0,0000"
182,Rumah tebet,"0,1203","0,0913","0,1538","0,2500","0,3333","0,1111"
183,Di Jual Rumah Cantik di TEBET,"0,0391","0,1618","0,0639","0,3750","0,3333","0,0000"
184,"Rumah pinggir jalan, Asem baris , Tebet , Jakarta Selatan","0,0703","0,1007","0,1605","0,5000","0,2222","0,0000"
185,Dijual rumah baru minimalis di Di Tebet Jakarta Selatan,"0,0391","0,0536","0,0238","0,3750","0,3333","0,0000"
186,"Rumah Onprogress 2,5 Lantai Di Asem Baris Tebet Dekat Station Cawang","0,0234","0,1289","0,0342","0,1250","0,2222","0,1111"
187,Tebet Rumah Jalan 2 Mobil Harga Menarik,"0,0406","0,1007","0,0684","0,2500","0,2222","0,1111"
188,"Dijual Cepat Rumah Di Kebon Baru, Tebet","0,0219","0,0790","0,0743","0,1250","0,1111","0,0000"
189,Dijual Cepat Rumah Bagus Di Tebet,"0,5781","0,4111","0,4948","0,5000","0,5556","0,2222"
190,Rumah Asri Dijual Cepat Di Tebet,"0,0609","0,1091","0,0773","0,2500","0,3333","0,1111"
191,Rumah Asri Di Tebet Dijual Cepat,"0,0352","0,1759","0,0676","0,7500","0,7778","0,1111"
192,"Rumah Asri Di Tebet, Dijual Cepat","0,1406","0,5052","0,1872","0,5000","0,4444","0,2222"
193,Rumah Dijual Di Tebet,"0,1797","0,1759","0,1003","0,5000","0,3333","0,1111"
194,Rumah Dijual Di Tebet,"0,0703","0,1289","0,0713","0,3750","0,2222","0,0000"
195,Rumah Asri Di Tebet,"0,0781","0,0818","0,0780","0,3750","0,3333","0,1111"
196,"Rumah Di Tebet, Dijual Cepat","0,0625","0,1289","0,0565","0,3750","0,3333","0,0000"
197,Rumah Asri Di Tebet Dijual,"0,0781","0,2606","0,0884","0,3750","0,3333","0,1111"
198,Rumah Dijual Di Tebet,"0,0719","0,0875","0,1025","0,5000","0,1111","0,1111"
199,Rumah Asri Di Tebet - Dijual Cepat,"0,0430","0,2230","0,0936","0,3750","0,2222","0,1111"
200,"Rumah Asri Di Kebon Baru, Tebet - Dijual Cepat","0,0719","0,1759","0,1270","0,3750","0,2222","0,1111"
201,Rumah Asri Di Tebet - Dijual Cepat,"0,0344","0,0818","0,0193","0,3750","0,2222","0,0000"
202,"Dijual Rumah Minimalis Siap Huni Daerah Tebet, Jakarta Selatan","0,0234","0,0724","0,0171","0,1250","0,2222","0,0000"
203,"Dijual Rumah Lama Layak Huni Daerah Tebet , Jakarta Selatan","0,1391","0,1289","0,2125","0,2500","0,3333","0,0000"
204,Rumah baru tebet timur,"0,0438","0,1289","0,0565","0,1250","0,2222","0,1111"
205,Dijual Rumah Komplek Tebet Barat Lokasi Premium Nyaman Jalan Lebar,"0,1328","0,2230","0,2333","0,2500","0,2222","0,2222"
206,Dijual Rumah Komplek Gudang Peluru Lokasi Premium Nyaman Jalan 3 Mobil,"0,1406","0,2700","0,1627","0,2500","0,2222","0,3333"
207,Dijual Rumah Cantik Tebet Lokasi Premium Nyaman Jalan 2 Mobil,"0,1797","0,3782","0,2199","0,5000","0,5556","0,1111"
208,"Rumah Tua Hook di Tebet, Jakarta Selatan. Akses Mobil dan Ada Garasi","0,0266","0,0677","0,0713","0,2500","0,1111","0,2222"
209,"Tebet barat rumah modern minimalis private pool, jakarta selatan","0,1375","0,3170","0,1441","0,3750","0,4444","0,2222"
210,"TEBET BARAT RAYA Rumah Hitung Tanah Cocok Tinggal, Kantor dan Usaha, Bisa Belah 2 Dekat Taman Honda","0,1641","0,3170","0,1828","0,8750","0,5556","0,5556"
211,"Rumah Siap Huni di Tebet Dalam IV, Jln 1 Mobil Dekat ke 3 Mobil, Sudah Sertifikat","0,0250","0,0536","0,0654","0,2500","0,1111","0,0000"
212,Dijual Cepat Rumah Kavling di Tebet Ready 3 Unit,"0,0328","0,0536","0,0238","0,3750","0,3333","0,1111"
213,Rumah Tebet Saharjo,"0,0570","0,2418","0,0602","0,5000","0,4444","0,0000"
214,Rumah Cantik Tebet,"0,1211","0,1759","0,1085","0,2500","0,3333","0,1111"
215,Dijual Rumah Cantik Tebet Brand New Lokasi Premium Nyaman Jalan Lebar,"0,0969","0,1759","0,0795","0,1250","0,2222","0,1111"
216,Dijual Rumah Lama Tebet Dalam Lokasi Strategis Tenang Jalan 2 Mobil,"0,1094","0,1759","0,1828","0,1250","0,2222","0,1111"
217,KEBON BARU Rumah Hitung Tanah Jalan Dua Mobil Lingkungan Nyaman,"0,0625","0,1759","0,2088","0,6250","0,4444","0,0000"
218,TEBET - SIAP HUNI di Jalan 2 Mobil,"0,1172","0,1853","0,1501","0,3750","0,4444","0,1111"
219,Rumah Komersial area Tebet Raya,"0,4219","0,8815","0,5357","0,3750","0,2222","0,4444"
220,Rumah Tebet Siap Huni Kompleks Gudang Peluru Tebet,"0,1328","0,3170","0,2162","0,3750","0,2222","0,0000"
221,Dijual Rumah Second Akses 1 Mobil di Tebet Dalam Jakarta Selatan,"0,0438","0,1289","0,0639","0,2500","0,2222","0,0000"
222,Rumah Minimalis Jalan 1 Mobil Tebet,"0,0258","0,0583","0,0267","0,1250","0,2222","0,1111"
223,Dijual Rumah Cantik Tebet Lokasi Strategis Nyaman Jalan 2 Mobil,"0,1719","0,1571","0,1412","0,3750","0,3333","0,2222"
224,"Rumah Hitung Tanah di Komplek Kejaksaan Tebet Barat, Belakang Gelael, Dekat Pintu Tol MT Haryono","0,0359","0,1007","0,0743","0,3750","0,2222","0,1111"
225,"Rumah di Tebet Timur Dalam I, Jln Besar 3 Mobil, Seberang Electronic City, Lebar Muka 8 Meter","0,0453","0,1853","0,0684","0,1250","0,0000","0,0000"
226,Rumah Tua Akses Jalan 2 Mobil Di Tebet Barat Jakarta Selatan,"0,1063","0,1289","0,1478","0,2500","0,2222","0,2222"
227,Rumah Brand New Di Tebet Barat,"0,0578","0,1289","0,0713","0,2500","0,3333","0,1111"
228,For Sale Boarding House at Tebet & Furnished HSE-A0494,"0,1016","0,3584","0,1085","1,0000","1,0000","0,1111"
229,Rumah Lama Di Tebet Barat,"0,2344","0,3170","0,2571","0,3750","0,3333","0,3333"
230,"Jual Segera, Rumah Hitung Tanah Di Tebet Dalam","0,0250","0,0536","0,0654","0,1250","0,1111","0,0000"
231,"rumah siap huni dalam kompleks Tebet Mas, Tebet, Jakarta Selatan","0,1875","0,1759","0,1991","0,2500","0,2222","0,1111"
232,"Rumah 100% Baru Di Tebet, Murah, Jalan 2 Mobil, Tebet, Jakarta Selatan","0,0547","0,1759","0,0312","0,2500","0,4444","0,1111"
233,"rumah siap huni di lokasi kebon baru, tebet, jakarta selatan","0,0445","0,1289","0,0981","0,1250","0,1111","0,1111"
234,"Rumah siap huni dijual, murah, tebet, Jakarta Selatan","0,0141","0,0583","0,0587","0,1250","0,2222","0,0000"
NO,NAMA RUMAH,HARGA,Luas bangunan,Luas tanah,Kamar tidur,Kamar mandi,Kapasitas mobil dalam garasi
235,"Rumah Modern di Tebet dekat Stasiun, Tebet, Jakarta Selatan","0,1094","0,0988","0,1241","0,3750","0,2222","0,1111"
236,"Rumah Mewah 2 Lantai Hanya 3 Menit Ke Tebet, Tebet, Jakarta Selatan","0,2188","0,3923","0,2407","0,3750","0,3333","0,0000"
237,"Rumah Bagus Tebet komp Gudang Peluru lt 350m, Tebet, Jakarta Selatan","0,0266","0,0583","0,0267","0,1250","0,2222","0,1111"
238,"Rumah Mewah Modern Murah 3 lantai di Tebet Jakarta Selatan, Tebet, Jakarta Selatan","0,2656","0,6933","0,2281","0,3750","0,3333","0,0000"
239,"Rumah lama di Tebet, dekat MT Haryono dan tol dalam kota, jalan 1 mobil hanya 30M dr jln besar, Tebet, Jakarta Selatan","0,0547","0,1759","0,0312","0,3750","0,3333","0,0000"
240,"Minimalis Baru Jalan 2 Mobil Tebet Timur, Tebet, Jakarta Selatan","0,0859","0,1289","0,1248","0,2500","0,1111","0,0000"
241,"Brand New house di Tebet Barat, Tebet, Jakarta Selatan","0,0469","0,1289","0,0684","0,1250","0,0000","0,0000"
242,"Rumah Mewah di TEBET, Tebet, Jakarta Selatan","0,0469","0,0818","0,0490","0,2500","0,2222","0,0000"
243,"Rumah bagus di tebet, jakarta selatan, Tebet, Jakarta Selatan","0,0469","0,1759","0,0602","0,2500","0,4444","0,0000"
244,"#BAWAHNJOP#MURAH#CASHONLY#LELANG# RUMAH ASEM BARIS RAYAI COCOK UNTUK USAHA DEKAT SAAS, Tebet, Jakarta Selatan","0,1250","0,3829","0,2221","0,8750","0,5556","0,2222"
245,"Rukan Baru Siap Pakai di Tebet Jakarta Selatan, Tebet, Jakarta Selatan","0,1016","0,1289","0,1738","0,2500","0,1111","0,0000"
246,"Rumah bebas banjir di kebon baru tebet, Tebet, Jakarta Selatan","0,0703","0,1289","0,2972","0,1250","0,3333","0,0000"
247,"Rumah jalan 2 mobil, Tebet, Jakarta Selatan","0,3438","0,2700","0,3796","0,3750","0,2222","0,3333"
248,"Rumah standard hitung tanah di tebet dalam jakarta selatan, Tebet, Jakarta Selatan","1,0000","0,2230","0,1085","0,3750","0,6667","0,3333"
249,"RUMAH MEWAH CANTIK DI MENTENG DALAM TEBET JAKARTA SELATAN, Tebet, Jakarta Selatan","0,1133","0,3170","0,1308","0,5000","0,3333","0,1111"
250,"BRAND NEW 3 LANTAI DENGAN FASILITAS KOLAM RENANG DI TEBET - JAKSEL, Tebet, Jakarta Selatan","0,1172","0,2230","0,1122","0,2500","0,3333","0,3333"
251,"Rumah mewah 2 Lantai Murah full furnished bebas banjir di lokasi strategis rasamala tebet jakarta selatan, Tebet, Jakarta Selatan","0,1523","0,1289","0,1003","0,3750","0,3333","0,2222"
252,"Rumah di Tebet timur, Tebet, Jakarta Selatan","0,0228","0,0960","0,0602","0,2500","0,2222","0,0000"
253,"Rumah di Tebet , kebon baru , jakarta selatan, Tebet, Jakarta Selatan","0,0391","0,0583","0,0736","0,1250","0,1111","0,0000"
254,"Rumah 1.5 Lt Di Asem Baris Tebet Jakarta Selatan, Tebet, Jakarta Selatan","0,4531","0,7074","0,1917","1,0000","0,6667","0,0000"
255,"Rumah siap huni, Tebet, Jakarta Selatan","0,0703","0,2041","0,1204","0,2500","0,2222","0,2222"
256,"Rumah Baru, Bagus, di tebet Barat, Jajarta Selatan, Tebet, Jakarta Selatan","0,1406","0,2230","0,2333","0,2500","0,3333","0,3333"
257,"Rumah Minimalis Plus Mini Swimming Pool , Tebet, Tebet, Jakarta Selatan","0,3891","0,5052","0,7318","0,6250","0,4444","1,0000"
258,"Rumah Bagus Siap Huni, Tebet, Jakarta Selatan","0,0312","0,0367","0,0357","0,1250","0,2222","0,1111"
259,"Rumah Brand New Minimalis Elegan 2 Lantai Lokasi Strategis 5 Menit Ke Stasiun di Tebet, Tebet, Jakarta Selatan","0,0765","0,2700","0,0565","0,5000","0,5556","0,2222"
260,"Rumah Daerah Tebet, Tebet, Jakarta Selatan","0,0351","0,0536","0,0728","0,2500","0,3333","0,3333"
261,"Rumah Mewah Furnished Tebet Barat Swimming Poll Akses Patra Kuningan, Tebet, Jakarta Selatan","0,0742","0,2418","0,0958","0,5000","0,2222","0,2222"
262,"Rumah mewah hook siap huni dan terawat di gudang peluru tebet, Tebet, Jakarta Selatan","0,0859","0,2230","0,1181","0,3750","0,3333","0,3333"
263,"Rumah tebet, Tebet, Jakarta Selatan","0,0859","0,1477","0,0944","0,7500","0,5556","0,0000"
264,"Rumah baru Minimalis, Tebet, Jakarta Selatan","0,0594","0,1759","0,0862","0,2500","0,3333","0,2222"
265,"Rumah Minimalis 3 Lantai lokasi strategis bebas banjir ada mini kolam renang di tebet jakarta selatan, Tebet, Jakarta Selatan","0,2344","0,4111","0,2719","0,2500","0,3333","0,3333"
267,Tebet Dalam Rumah Siap Huni Dalam Komplek,"0,1875","0,2982","0,1917","0,2500","0,2222","0,1111"
268,Rumah Siap Huni Dijual Jalan 2 Mobil,"0,0938","0,1101","0,1701","0,2500","0,2222","0,1111"
269,"4 Bedrooms House Tebet, Jakarta Selatan, DKI Jakarta","0,0281","0,1759","0,0267","0,2500","0,2222","0,1111"
270,Dijual Rumah Tebet Timur Raya Depan Taman Honda,"0,3125","0,5174","0,4153","0,8750","0,3333","0,1111"
271,Dijual Rumah Tebet Lokasi Strategis Nyaman Depan Taman Jalan 1 Mobil,"0,0516","0,0508","0,1122","0,2500","0,2222","0,2222"
272,Dijual Rumah Tebet Timur Lokasi Premium Nyaman Jalan 2 Mobil,"0,0516","0,1289","0,0676","0,1250","0,2222","0,1111"
273,Dijual Rumah Hitung Tanah Asem Baris Raya Lokasi Strategis Aman Jalan Raya,"0,0703","0,2230","0,1575","0,5000","0,3333","0,3333"
274,Jual Rumah Di Tebet Jakarta Selatan,"0,1250","0,3829","0,2221","0,8750","0,5556","0,2222"
275,"Rumah Bagus Akses Jalan 2 Mobil TERMURAH di Tebet Utara, Jaksel","0,0391","0,1195","0,0342","0,3750","0,3333","0,1111"
276,"Rumah Megah SIAP HUNI TERMURAH di Tebet Timur, Jakarta Selatan","0,1875","0,3170","0,2786","0,8750","0,4444","0,4444"
277,Rumah Siap Huni Di Asem Baris Kebon Baru Tebet Jakarta Selatan,"0,0203","0,0913","0,0602","0,2500","0,2222","0,0000"
278,Tebet rumah dijual jalan 2 mobil lebar lokasi strategis,"0,0953","0,1289","0,1501","0,3750","0,2222","0,2222"
279,Rumah Siap Huni 2lantai Akses 2mbl Lokasi Tebet Barat,"0,0469","0,0818","0,0342","0,1250","0,2222","0,0000"
280,Rumah Siap Huni Akses jalan 2 mobil di asem baris tebet,"0,0469","0,0762","0,0535","0,2500","0,1111","0,2222"
281,Dijual rumah tua perlu renovasi akses jalan 2mobil lokasi dekat lapangsn bola pspt,"0,0430","0,0818","0,0602","0,1250","0,1111","0,0000"
282,Rumah Bagus Siap Huni Di Tebet Timur Dalam Jak Sel,"0,0469","0,0818","0,0639","0,2500","0,1111","0,1111"
283,Rumah Mewah 3 Lantai Jalan Swadaya I Tebet ( FA),"0,0781","0,3641","0,1530","0,6250","0,3333","0,0000"
284,"Rumah Baru 2 Lt Dekat Taman dan Pasar Tebet Barat PALING MURAH di Tebet Barat, Jakarta","0,0242","0,0818","0,0267","0,2500","0,3333","0,1111"
285,Dijual Rumah Second Strategis Tanah Luas di Tebet,"0,3438","0,2700","0,3796","0,3750","0,2222","0,3333"
286,Rumah Clasic Asem Baris Tebet Jakarta Selatan Hitung Tanah Saja Setrategis Dekat Mt Haryono,"0,1281","0,5522","0,4762","0,8750","0,5556","0,0000"
287,Rumah lama hitung Tanah di Tebet,"0,1016","0,1101","0,1478","0,1250","0,1111","0,0000"
288,Rumah Tebet Hitung Tanah,"0,2070","0,2700","0,2519","0,3750","0,3333","0,0000"
289,Brand New House Di Lokasi Iconic Tebet,"0,0469","0,1439","0,0602","0,3750","0,3333","0,1111"
290,Tebet Rumah Minimalis,"0,0758","0,1477","0,0624","0,2500","0,2222","0,1111"
291,Rumah Minimalis Bagus Tebet Timur,"0,0266","0,0913","0,0267","0,1250","0,2222","0,0000"
292,Dijual Rumah Tebet Hitung Tanah Lokasi Strategis Jalan 1 Mobil,"0,0352","0,1289","0,0765","0,6250","0,2222","0,0000"
293,Rumah tebet jalan lebar nyaman keamanan 24 jam dekat kemana mana,"0,1375","0,2700","0,1434","0,2500","0,2222","0,1111"
294,Dijual Rumah Asri Komplek Tebet Mas Lokasi Premium Nyaman Jalan 2 Mobil,"0,1719","0,2700","0,1360","0,2500","0,2222","0,1111"
295,Rumah dijual di Tebet Raya,"0,2734","0,2230","0,3462","0,3750","0,3333","0,1111"
296,"Rumah Mewah Di Tebet Turun Harga Menjadi Rp 14,5 M, Ada Swimmung Pool","0,2109","0,4111","0,1880","1,0000","0,6667","0,1111"
297,Rumah Di Jual Di Tebet,"0,1125","0,2230","0,1530","0,2500","0,3333","0,2222"
298,"Rumah Di Jual, Brand New, Tebet Barat ","0,0266","0,0536","0,0282","0,1250","0,2222","0,1111"
299,"Dijual Rumah minimalis di Bukit Duri, Tebet","0,0234","0,0546","0,0342","0,1250","0,1111","0,1111"
300,"Rumah Hoek Tebet Jakarta Mewah, Lokasi Strategis Selangkah ke Masjid","0,1391","0,2700","0,1456","0,3750","0,2222","0,1111"
301,"Rumah Tebet Jakarta Selatan, depan Lapangan, Dijual Cepat Harga BU","0,0500","0,2088","0,0788","0,3750","0,5556","0,0000"
302,Rumah Di Tengah Pusat Bisnis Dekat Jalan Gatot Subroto Jaksel,"0,1406","0,2728","0,3574","1,0000","1,0000","0,6667"
303,Rumah Dalam Komplek Di Gudang Peluru - Tebet Blok N348,"0,0625","0,1477","0,1211","0,1250","0,2222","0,0000"
304,"Tebet, Siap Huni, jalan 2 mobil","0,0516","0,1759","0,0267","0,2500","0,3333","0,1111"
305,Rumah 2 Lantai Lokasi Strategis Akses 2 Mbl Asem Baris Tebet,"0,0313","0,1759","0,0527","0,1250","0,1111","0,0000"
306,Rumah Lama Layak Huni Akses 2 Mbl Lapangan Ros Tebet Jaksel,"0,0313","0,0630","0,0862","0,2500","0,2222","0,0000"
307,Rumah Baru Design Modern Posisi Hook Lokasi Tebet Timur,"0,0375","0,1007","0,0416","0,2500","0,3333","0,1111"
308,rumah baru 2lantai siap huni akses jalan 1mobil lokasi tebet timur,"0,0344","0,0818","0,0267","0,1250","0,1111","0,0000"
309,Rumah Siap Huni Akses 1mobil Lokasi Tebet Timur,"0,0313","0,0818","0,0416","0,2500","0,2222","0,1111"
310,Rumah Baru Siap Huni Semi Furnish Akses 1mobil Lokasi Tebet Utara,"0,0344","0,1383","0,0275","0,3750","0,2222","0,0000"
311,Dijual rumah baru Lokasi tbt timur,"0,0359","0,0818","0,0267","0,1250","0,1111","0,0000"
312,"Rumah Siap Huni Di Tebet, Lingkungan Nyaman","0,0734","0,1759","0,1010","0,2500","0,2222","0,0000"
313,Rumah Siap Huni Di Kebon Baru Jaksel,"0,0172","0,1176","0,0527","0,5000","0,3333","0,0000"
314,Di jual Rumah di tebet,"0,0469","0,0245","0,0899","0,1250","0,2222","0,1111"
315,good house at jaksel tebet,"0,0188","0,0536","0,1233","0,3750","0,2222","0,0000"
316,goood house at jakarta selatan tebet,"0,1172","0,1609","0,1828","0,3750","0,3333","0,0000"
317,Jual Cepat Rumah Di Tebet,"0,1484","0,2700","0,1434","0,3750","0,4444","0,2222"
318,Rumah Tebet Dekat Mall Kokas BU Harga Covid,"0,0140","0,0818","0,0602","0,2500","0,1111","0,0000"
319,Rumah Tebet Barat Dalam Jakarta Selatan,"0,1250","0,3161","0,2452","0,1250","0,2222","0,0000"
320,Dijual Termurah Rumah Siap Huni di Tebet Utara Jakarta Selatan,"0,0391","0,1101","0,0342","0,3750","0,3333","0,0000"
321,TEBET MAS Rumah Nyaman Dalam Komplek Elit Dekat Taman JARANG ADA,"0,1875","0,1759","0,1991","0,2500","0,2222","0,1111"
322,"Dijual Rumah di Tebet Utara, akses 2 mobil, Jakarta Selatan","0,1063","0,0913","0,1538","0,1250","0,3333","0,1111"
323,Dijual Rumah Tebet Barat Lokasi Premium Tenang Jalan Lebar,"0,1094","0,1289","0,1100","0,3750","0,2222","0,2222"
324,Dijual Murah Rumah Mewah di Tebet Utara Jakarta Selatan,"0,1094","0,3641","0,1872","0,3750","0,3333","0,0000"
325,Rumah Lama Layak Huni Tebet Jak Sel,"0,0297","0,0254","0,0602","0,0000","0,0000","0,0000"
326,Rumah Siap Huni Baru Renovasi Di Tebet Utara Jak Sel,"0,0234","0,0395","0,0000","0,1250","0,1111","0,0000"
327,Rumah Siap Huni Model Minimalis Di Tebet Jakarta Selatan,"0,0250","0,1101","0,0305","0,2500","0,1111","0,0000"
328,TEBET - Bagus Untuk Investasi di Jalan 1 Mobil,"0,0266","0,0536","0,0654","0,1250","0,1111","0,0000"
329,Rumah dijual di Tebet,"0,0766","0,2606","0,0594","0,3750","0,3333","0,2222"
330,Rumah huk di Tebet jalan satu mobil lebar,"0,0313","0,1759","0,0713","0,1250","0,2222","0,1111"
331,Rumah baru di Tebet Barat dekat jalan dua mobil,"0,0391","0,0913","0,0475","0,2500","0,3333","0,1111"
332,Rumah di Tebet Barat bagus terawat dekat fasum,"0,0344","0,0611","0,0624","0,1250","0,1111","0,0000"
333,"TEBET - Siap Huni, Bagus, Akses 2 Mobil","0,0672","0,1289","0,0676","0,1250","0,2222","0,1111"
334,"TEBET - Depan Taman, Baru, Jalan 2 Mobil","0,0859","0,1477","0,0713","0,1250","0,2222","0,0000"
335,Jual Cepat Rumah Di Casablanca Jakarta Selatan,"0,0781","0,2230","0,1709","0,6250","0,2222","0,2222"
336,"Rumah Baru dijual di Tebet Barat, lokasi strategis","0,0391","0,1289","0,0602","0,1250","0,2222","0,1111"
337,"Dijual Rumah Di Jl. Kebon Baru Utara, Tebet Jakarta Selatan","0,0278","0,1214","0,0490","0,3750","0,3333","0,1111"
338,Rumah baru 100% bergaya mewah tebet Jakarta selatan,"0,0438","0,0913","0,0825","0,2500","0,2222","0,0000"
339,Dijual Rumah Baru Dengan Design Minimalis Di Tebet,"0,0547","0,1054","0,0527","0,1250","0,2222","0,1111"
340,"Dijual Rumah Brand New, Ada Taman, Lingkungan Tenang Di Tebet Barat","0,0859","0,2700","0,1308","0,2500","0,3333","0,1111"
341,Dijual Rumah Dalam Komplek Elit Tebet Mas Lokasi Paling Premium di Tebet,"0,0703","0,2230","0,0639","0,1250","0,2222","0,1111"
342,"Dijual Rumah di Tebet Utara, akses 2 mobil","0,1063","0,0913","0,1538","0,1250","0,3333","0,1111"
343,TERJUAL Rumah Di Bukit Duri Area Komersil,"0,0453","0,0818","0,1456","0,2500","0,1111","0,1111"
344,DIJUAL CEPAT HARGA MURAH ( BU CEPAT) Rumah 700 m2 Di TEBET,"0,1281","0,3641","0,4799","0,7500","0,3333","0,3333"
345,Dijual rumah siap huni 2lantai full strategis dekat kokas akes jalan2mobil lokasi menteng dalam,"0,0188","0,0818","0,0208","0,3750","0,1111","0,1111"
346,Rumah Siap Huni Hanya 50m Dari Dan Ke Asem Baris Raya Tebet,"0,0172","0,0348","0,0535","0,0000","0,1111","0,0000"
347,Rumah Bagus Siap Huni Pinggir Jalan 2 Mbl Asem Baris Tebet,"0,0180","0,0536","0,0602","0,1250","0,1111","0,0000"
348,"Dijual rumah di Asem baris, Akses jalan 2 mobil","0,0156","0,0348","0,0423","0,0000","0,1111","0,0000"
349,Rumah baru siap huni di tebet barat,"0,0469","0,1439","0,0602","0,3750","0,3333","0,1111"
350,TEBET RAYA Rumah Layak Huni Dekan Stasiun,"0,3281","0,2700","0,2927","0,5000","0,6667","0,1111"
351,Dijual Rumah Komplek Tebet Lokasi Premium Tenang Jalan Lebar,"0,1875","0,1439","0,2452","0,1250","0,2222","0,1111"
352,TEBET RAYA Jalan Lebar Cocok Untuk Resto dan Kantor,"0,2188","0,1637","0,2474","0,3750","0,3333","0,2222"
353,TEBET RAYA AREA KOMERSIL Rumah Siap Huni Bisa Dibangun 4 Lantai,"0,3281","0,2230","0,3462","0,2500","0,3333","0,1111"
354,"3 Bedrooms House Tebet, Jakarta Selatan, DKI Jakarta","0,0188","0,0536","0,0342","0,1250","0,1111","0,0000"
355,Rumah Second Terawat Dan Setrategis Tebet Jakarta Selatan,"0,3438","0,2700","0,3796","0,3750","0,2222","0,3333"
356,Rumah tebet dekat mall kokas,"0,0266","0,0677","0,0245","0,1250","0,1111","0,1111"
357,Rumah Baru di Jln Tebet Timur Jakarta Selatan,"0,0562","0,1007","0,0609","0,3750","0,3333","0,1111"
358,"Dijual Rumah 1,5 Lantai Di Tebet Dalam","0,3125","0,2230","0,3314","0,2500","0,2222","0,3333"
359,"Dijual Cepat Rumah Bagus di Tebet, Siap huni","0,0391","0,1007","0,0342","0,3750","0,2222","0,2222"
360,"Dijual Rumah Baru di Tebet, Elite","0,0453","0,1091","0,0654","0,3750","0,3333","0,1111"
361,"Dijual Brand New Rumah Tebet, Ada Swimming Pool","0,3750","0,5992","0,4198","0,3750","0,3333","1,0000"
362,"Dijual Rumah Baru di Tebet, Jalan 1 mobil Lebar, Jakarta Selatan","0,0453","0,1091","0,0654","0,3750","0,3333","0,1111"
363,"Dijual Rumah Elite di Tebet, Jakarta Selatan","0,0039","0,3923","0,1917","0,2500","0,1111","0,0000"
364,"Dijual Rumah Baru di Tebet, siap huni","0,0453","0,1571","0,0565","0,1250","0,3333","0,2222"
365,Dijual Rumah Cantik Tebet Lokasi Premium Nyaman Jalan Lebar,"0,1719","0,1665","0,1850","0,5000","0,5556","0,3333"
366,Rumah Nyaman Jalan Lebar Strategis Di Kebon Baru Dekat Stasiun Tebet,"0,0625","0,1994","0,1159","0,5000","0,4444","0,2222"
367,Rumah 2 Lantai Luas Murah Strategis Di Kebon Baru Dekat Stasiun Tebet,"0,0203","0,0818","0,0579","0,2500","0,2222","0,0000"
368,Dijual Rumah Strategis Komplek Gudang Peluru Jakarta Selatan,"0,1375","0,0931","0,2140","0,3750","0,2222","0,1111"
369,Rumah Murah Di Tebet Jaksel,"0,0906","0,4111","0,2779","0,3750","0,3333","0,3333"
370,"Rumah 2 Lantai Di Tebet Barat, Blakang Perkantoran Mt Haryono","0,1563","0,5052","0,2504","0,6250","0,4444","0,3333"
371,"Rumah Di Pinggir Jalan Tebet Barat Raya, SHM, Investasi Bagus","0,1641","0,2700","0,2571","0,8750","0,6667","0,5556"
372,Dijual Cepat Rumah Tebet Barat Dalam Lokasi Strategis Jakarta Selatan,"0,0406","0,0630","0,0810","0,1250","0,1111","0,1111"
373,"Rumah Tebet Bebas banjir, dekat pintu tol","0,3359","0,5992","0,4131","0,5000","0,3333","0,0000"
374,Rumah Mewah Dan Sangat Strategis Di Tebet,"0,1328","0,2606","0,1382","0,6250","0,3333","0,1111"
375,"Tebet Mas, lokasi OK depan taman","0,1875","0,1524","0,1991","0,2500","0,2222","0,1111"
376,Rumah Di tebet Barat,"0,0391","0,0254","0,0416","0,1250","0,2222","0,0000"
377,Rumah di tebet,"0,0391","0,1759","0,0275","0,2500","0,1111","0,1111"
378,Rumah Murah Di Tebet Jakarta Selatan BaruÂ ,"0,0438","0,0856","0,0438","0,2500","0,3333","0,2222"
379,Rumah Siap Huni Di Tebet Lokasi Sangat Strategis Sekali,"0,0281","0,1759","0,0267","0,1250","0,2222","0,0000"
380,Dijual Rumah Mewah Terawat Di Daerah Tebet Hrg Menarik,"0,1992","0,5052","0,2786","0,5000","0,3333","0,0000"
381,Rumah Baru Tebet,"0,0813","0,1477","0,0713","0,2500","0,3333","0,1111"
382,"Dijual Rumah Asri, Tebet, Jakarta Selatan","0,0563","0,1289","0,0691","0,2500","0,2222","0,0000"
383,Rumah Lama di tebet berada di pusat kota jakarta selatan,"0,1719","0,2437","0,1991","0,2500","0,2222","0,1111"
384,di jual rumah bagus tebet,"0,0234","0,0292","0,0178","0,0000","0,1111","0,1111"
385,Rumah Lama Tebet Dijual Cepet Dengan Lokasi Strategis,"0,0234","0,0913","0,0602","0,1250","0,1111","0,1111"
386,Rumah Besar Bangunan Kokoh Siap Huni Di Kebon Baru Tebet Jak Sel,"0,1281","0,3641","0,4799","0,7500","0,3333","0,1111"
387,Dijual rumah hitung tanah di tebet dalam komplek jalan lebar,"0,0859","0,1449","0,1211","0,1250","0,1111","0,1111"
388,"Rumah Di Tebet Timur, Jalan 1 Mobil, Dekat 2 mobil","0,0500","0,0536","0,0661","0,5000","0,2222","0,1111"
389,"Rumah Di Tebet Barat Dalam, Jalan 2 Mobil, Strategis","0,0703","0,1289","0,1241","0,3750","0,1111","0,1111"
390,"Tebet rumah minimalis modern akses 2 mobil, jakarta selatan","0,0391","0,1195","0,0342","0,5000","0,3333","0,1111"
391,Rumah Dijual di Tebet Jakarta Selatan,"0,0391","0,2700","0,0342","0,2500","0,3333","0,1111"
392,Rumah murah dan strategis di tebet timur jakarta selatan,"0,1016","0,0818","0,1738","0,3750","0,2222","0,0000"
393,Rumah dua lantai di Tebet Barat Dalam Jakarta Selatan,"0,0391","0,1618","0,0639","0,3750","0,3333","0,1111"
394,"Rumah Siap Huni LT 170 M2 TERMURAH di Tebet Dalam, Jakarta Selatan","0,0391","0,1383","0,0862","0,5000","0,1111","0,1111"
395,Newly House dekat Taman Akses JALAN 2 MOBIl bentuk tanah NGANTONG di Tebet Barat,"0,0617","0,1524","0,0416","0,3750","0,3333","0,1111"
396,Rumah Cantik 3 Lt Semi FURNISH di Tebet Utara,"0,0250","0,1383","0,0275","0,3750","0,2222","0,0000"
397,Rumah siap huni di Tebet - RPA,"0,1172","0,4581","0,2868","0,7500","0,4444","0,4444"
398,Brand New Rumah Soho Tebet,"0,1211","0,1101","0,0617","0,2500","0,3333","0,1111"
399,"Rumah Brand New Siap Huni Tebet Timur Dalam, Dekat Pspt","0,0453","0,1289","0,0565","0,1250","0,2222","0,0000"
400,Di jual rumah siap huni model classic di tebet menteng dalem jakarta selatan,"0,0797","0,3076","0,0565","0,6250","0,5556","0,2222"
401,Rumah Cantik Tebet Jaksel. Dekat Cbd Kuningan Dan Mal Kokas,"0,0234","0,0818","0,0267","0,1250","0,1111","0,0000"
402,Dijual Rumah Siap Huni di Tebet Jakarta Selatan,"0,0391","0,2700","0,0342","0,2500","0,3333","0,1111"
403,"Rumah Klasik SUPER MEWAH Semi Furnished Tebet Timur, Jakarta Selatan","0,4672","0,8815","0,4577","0,7500","0,5556","0,3333"
404,"Rumah Tua HITUNG TANAH TERMURAH di Area Komersial Jl. Johar, Menteng","0,8438","0,3170","0,7585","0,2500","0,2222","0,3333"
405,"Rumah Tua Strategis Dijual Hitung Tanah Di Tebet, Jakarta Selatan","0,0391","0,1524","0,2273","0,2500","0,1111","0,0000"
406,Dekat Rumah Sakit Tebet Dan Gelael,"0,0391","0,1289","0,0676","0,7500","0,7778","0,2222"
407,TEBET Rumah Jual Hitung Tanah Jalan Tiga Mobil Lebar,"0,0547","0,0818","0,1085","0,1250","0,1111","0,1111"
408,"Rumah Lama Di Prime Area Tebet, Komersial","0,8438","1,0000","0,8692","0,2500","0,3333","0,1111"
409,Rumah Di Area Komersial Tebet Raya,"0,3281","0,2230","0,3462","0,2500","0,3333","0,2222"
410,"Rumah Cantik Brand New, Tersisa 2 Unit","0,0344","0,0818","0,0238","0,3750","0,3333","0,1111"
411,"TEBET - Rumah Baru, Design Menarik di Tengah Kota Jakarta","0,0859","0,2230","0,0884","0,2500","0,3333","0,1111"
412,"Rumah di Tebet Timur Jalan 1 Mobil Lebar, Luas Tanah 135 m2","0,0141","0,0630","0,0602","0,3750","0,1111","0,0000"
413,"TEBET - Sangat Terawat, Area Tenang di Depan Taman","0,0780","0,2700","0,1233","0,3750","0,4444","0,1111"
414,"DIJUAL Cepat Rumah Baru Siap Huni Full Furnish, Tebet Barat","0,0703","0,2230","0,0884","0,2500","0,3333","0,1111"
415,"Tebet rumah mewah prime lokasi, jakarta selatan","0,2422","0,6933","0,2281","0,6250","0,4444","0,5556"
416,Rumah luas kolam renang di Tebet Jakarta Selatan,"0,3438","0,5992","0,4198","0,3750","0,4444","1,0000"
417,Rumah jual tebet jl 2mobil 4. 5mly,"0,0547","0,1759","0,0639","0,3750","0,3333","0,1111"
418,Dijual Rumah Tebet Barat Lokasi Premium Tenang Jalan 1 Mobil,"0,0391","0,0818","0,0602","0,1250","0,2222","0,1111"
419,Dijual Rumah Baru Siap Huni Depan Taman Tebet,"0,0781","0,1477","0,0713","0,2500","0,3333","0,1111"
420,"Rumah baru 100%, Tebet, Jakarta Selatan","0,0406","0,0856","0,0416","0,1250","0,2222","0,1111"
421,"4 Bedrooms House Tebet, Jakarta Selatan, DKI Jakarta","0,0516","0,1101","0,0602","0,2500","0,3333","0,1111"
422,TEBET Rumah Mewah Terawat Dekat Jalan Soepomo,"0,1078","0,2982","0,1270","0,3750","0,3333","0,1111"
423,Dijual Rumah Di Asem Barus Tebet,"0,4063","0,2700","0,7541","0,2500","0,3333","0,4444"
424,"Dijual Rumah Di Barat Asem Baris,Kebun Baru","0,0625","0,2418","0,0713","0,3750","0,4444","0,2222"
425,Rumah Didalam Kompleks Tebet,"0,0609","0,2041","0,0862","0,3750","0,3333","0,2222"
426,Dijual Rumah Tebet Depan Taman Asri Jalan Muat 2 Mobil,"0,0422","0,0630","0,0565","0,1250","0,2222","0,1111"
427,Rumah Tebet Asam Baris,"0,0297","0,0913","0,0788","0,1250","0,2222","0,0000"
428,Rumah Tebet Barat,"0,0422","0,1054","0,0260","0,1250","0,2222","0,1111"
429,Dijual Rumah Hitung Tanah Tebet Timur Lokasi Strategis Jalan 1 Mobil,"0,0406","0,0348","0,0936","0,2500","0,1111","0,0000"
430,Dijual Rumah Hitung Tanah Tebet Utara IV,"0,0208","0,0160","0,0267","0,0000","0,1111","0,0000"
431,Rumah Mewah Brand New Di Menteng Dalam Tebet Jakarta Selatan,"0,3750","0,7780","0,1612","0,3750","0,5556","0,2222"
432,"TEBET - Rumah Bagus, Jalan 1 Mobil, Siap Huni","0,0859","0,1994","0,0713","0,2500","0,4444","0,0000"
433,"TEBET - RUMAH BARU, Design Bagus","0,0859","0,1947","0,0639","0,1250","0,2222","0,3333"
434,"Tebet-Area Komersi, Jalan 3 Mobil Lebar","0,3281","0,2230","0,3462","0,3750","0,3333","0,2222"
435,"TEBET - SIAP HUNI, Jalan 1 Mobil","0,0289","0,0367","0,0312","0,1250","0,1111","0,1111"
436,"TEBET - RUMAH BARU, Jalan 3 Mobil Lebar","0,4531","0,7874","0,4591","0,3750","0,5556","0,3333"
437,rumah second tebet,"0,3750","0,2700","0,3796","0,2500","0,3333","0,3333"
438,Rumah Hitung Tanah Di Gudang Peluru,"0,0469","0,1232","0,1040","0,1250","0,2222","0,0000"
439,Dijual Rmh Secont Tebet,"0,0781","0,1759","0,0646","0,2500","0,3333","0,2222"
440,"Rumah Dekat Pusat Kota Selangkah Menuju Terminal Kampung Melayu, Stasiun Tebet Dan Kota Casablanca","0,0250","0,0790","0,0743","0,2500","0,2222","0,0000"
441,Rumah baru 2 lantai di Tebet timur,"0,0391","0,1007","0,0431","0,1250","0,3333","0,1111"
442,Di Jual Rmh Tbt Siap Huni,"0,1797","0,5052","0,1144","0,2500","0,4444","0,2222"
443,Rumah bagus dekat taman dan pasar pspt siap huni acces mudah kemana saja,"0,0461","0,1853","0,0587","0,3750","0,4444","0,1111"
444,Rumah Tebet Timur Dalam,"0,0203","0,0348","0,0639","0,1250","0,1111","0,0000"
445,Jual Rumah 2 Lantai Di Tebet Jakarta Selatan,"0,0469","0,1439","0,0602","0,3750","0,3333","0,0000"
446,Rumah Mewah Siap huni Tebet,"0,4375","0,7874","0,4591","0,3750","0,5556","0,3333"
447,"For Sale British Tuscan House At Tebet Mas, Jaksel","0,5625","0,4111","0,4948","0,3750","0,4444","0,1111"
448,Hunian Nyaman Di Gudang Peluru,"0,1094","0,3001","0,2600","0,5000","0,2222","0,0000"
449,"Rumah Siap Huni 2 Lantai,Lokasi Strategis Menteng Dalam Tebet Jaksel","0,0625","0,1101","0,0542","0,2500","0,3333","0,1111"
450,TEBET Rumah Lama Hitung Tanah Bangunan Masih Layak Huni,"0,0969","0,1289","0,1501","0,3750","0,2222","0,1111"
451,Rumah Mewah Dijual Tebet Jakarta Selatan,"0,2578","0,6933","0,2311","0,3750","0,3333","0,5556"
452,Dijual rumah mewah tebet barat,"0,2156","0,4111","0,1902","0,2500","0,3333","0,3333"
453,Rumah Tebet segera jual,"0,0430","0,1251","0,1055","0,6250","0,4444","0,1111"
454,Rumah Baru Lux siap huni strategis di Menteng Dalam Tebet Jakarta Selatan,"0,0813","0,3076","0,0565","0,6250","0,5556","0,2222"
455,"5 Bedrooms House Tebet, Jakarta Selatan, DKI Jakarta","0,0469","0,1289","0,0788","0,3750","0,3333","0,1111"
456,"Tebet Barat Rumah Full Furnished, Jakarta Selatan","0,0813","0,1769","0,0639","0,3750","0,3333","0,4444"
457,Dijual Rumah Pinggir Jalan Di Asem Baris Tebet Jakarta Selatan,"0,1094","0,1778","0,1085","0,2500","0,2222","0,1111"
458,Dijual Rumah Mewah Lokasi Strategis Di Tebet Barat Jakarta Selatan,"0,1219","0,3170","0,1308","0,3750","0,4444","0,2222"
459,Rumah Siap Huni Di Tebet Jakarta Selatan,"0,0344","0,0818","0,0193","0,3750","0,4444","0,0000"
460,Dijual Rumah Tebet Raya Lokasi Premium Area Komersial Jalan Raya,"0,2734","0,2230","0,3462","0,2500","0,2222","0,2222"
461,TEBET TIMUR - RUMAH MEWAH CLASSIC MODERN,"0,2734","0,6933","0,2281","0,3750","0,3333","0,3333"
462,Dijual Rumah Lux Tebet Jakarta Selatan,"0,2344","0,0724","0,1426","0,5000","0,5556","0,0000"
463,"Rumah Jual Hitung Tanah, Tebet Timur","0,0781","0,1665","0,1382","0,2500","0,3333","0,2222"
464,Rumah Dijual Hitung Tanah Di Tebet Barat,"0,1181","0,2267","0,1857","0,1250","0,1111","0,2222"
465,"TEBET - Rumah Bagus, Terawat, Dekat ke Kuningan","0,0563","0,1430","0,0602","0,8750","0,7778","0,1111"
466,TEBET - Siap Huni,"0,0578","0,1496","0,0676","0,2500","0,2222","0,1111"
467,Dijual Rumah Siap Huni BU di Kebon Baru Tebet Jakarta Timur,"0,0234","0,0960","0,0602","0,2500","0,2222","0,0000"
468,Dijual Rumah Cantik Tebet Lokasi Premium Nyaman Jalan 2 Mobil,"0,1172","0,1853","0,1501","0,2500","0,2222","0,3333"
469,"Rumah Jl. Rasamala Menteng Dalam, Hitung Tanah","0,0641","0,1289","0,1865","0,3750","0,1111","0,2222"
470,Dijual rumah second Tebet Jakarta Selatan berada dalam lingkungan aman,"0,1094","0,2512","0,1382","0,3750","0,4444","0,2222"
471,Dijual Rumah Di Kebon Baru Tebet,"0,0465","0,2465","0,1278","0,5000","0,4444","0,0000"
472,Rumah tebet timur dalam,"0,0750","0,2606","0,0884","0,3750","0,3333","0,1111"
473,Rumah Mewah Siap Huni Di Tebet,"0,0703","0,3358","0,1159","0,5000","0,4444","0,1111"
474,Rumah Asri Dan Sangat Strategis Di Tebet,"0,0547","0,0536","0,0743","0,5000","0,3333","0,0000"
475,Rumah Tebet utara,"0,0266","0,0292","0,0178","0,1250","0,1111","0,0000"
476,Rumah Second Fully Furnish Siap Huni Turun Harga BU Di Menteng Dalam Tebet Jakarta Selatan,"0,0516","0,1101","0,0542","0,2500","0,3333","0,1111"
477,Dijual Rumah Minimalist Modern 3lnt Tebet,"0,0422","0,0818","0,0267","0,2500","0,3333","0,2222"
478,Dijual Rumah 2 Lnt Tebet,"0,0438","0,1289","0,0565","0,2500","0,3333","0,1111"
479,Dijual rumah kos tebet,"0,0250","0,1289","0,0602","1,0000","0,2222","0,1111"
480,Dijual Rumah Kondisi Layak Huni Tebet,"0,0500","0,3170","0,1270","0,3750","0,3333","0,1111"
481,Tebet Timur Area Tenang dan Nyaman,"0,0250","0,0536","0,0267","0,1250","0,1111","0,0000"
482,Rumah Siap Huni Tebet Barat,"0,3281","0,3170","0,4428","0,6250","0,3333","0,3333"
483,Rumah Mewah di Tenet,"0,1141","0,1853","0,1872","0,2500","0,2222","0,0000"
484,TERJUAL TEBET Rumah Terawat Siap Huni Dekat dari Jalan Besar,"0,0311","0,0931","0,0758","0,3750","0,3333","0,1111"
485,TEBET Rumah Siap Huni Buatan Arsitek,"0,0344","0,0913","0,0267","0,1250","0,2222","0,1111"
486,TEBET Rumah Siap Huni Buatan Arsitek,"0,0281","0,0818","0,0267","0,2500","0,2222","0,1111"
487,Rumah Di Tebet Lokasi Strategis,"0,1016","0,2700","0,1456","0,3750","0,3333","0,0000"
488,Rumah di Tebet Hanya 200 m dari MT Haryono,"0,0781","0,2183","0,2214","0,5000","0,3333","0,4444"
489,Rumah Di Tebet Lingkungan Mewah Dan Akses Mudah,"0,1953","0,3170","0,2793","0,8750","0,3333","0,3333"
490,Rumah Nyaman Asambaris Tebet,"0,0625","0,2418","0,0713","0,6250","0,5556","0,1111"
491,"Rumah Dijual 2 lantai, kebon baru Tebet Jak sel","0,0906","0,4111","0,2779","0,5000","0,3333","0,4444"
492,"Rumah tebet timur jakarta selatan. cozy style modern mini custler 4, 6M","0,0563","0,1063","0,0617","0,3750","0,3333","0,1111"
493,Di Jual Rumah Second Lokasi Strategis Tebet Jakarta Selatan,"0,0938","0,2230","0,0951","0,2500","0,2222","0,1111"
494,"Tebet rumah modern classic, jakarta selatan","0,0391","0,3170","0,0713","0,3750","0,3333","0,1111"
495,"Rumah tebet dalam, jalan 3 mobil, lingkungan tenang, nego","0,5313","0,8815","1,0000","1,0000","0,6667","0,6667"
496,Dijual rumah cantik bagus di Daerah Menteng Tebet,"0,0672","0,1242","0,1077","0,3750","0,1111","0,0000"
497,Dijual rumah baru cantik minimalis di Tebet,"0,0469","0,1439","0,0602","0,3750","0,3333","0,0000"
498,Dijual Rumah Siap Huni 1.5 Lnt,"0,0391","0,1195","0,0602","0,2500","0,2222","0,1111"
499,"Rumah Minimalist Dijual Di Kebon Baru, Tebet, Jakarta","0,0371","0,1214","0,0490","0,3750","0,3333","0,1111"
500,Dijual Rumah Siap Huni DI Tebet Jaksel,"0,2188","0,2700","0,2571","0,6250","0,3333","0,2222"
501,"Tebet Timur Jalan lebar, dekat statiun, harga bagus","0,2031","0,3170","0,3618","0,3750","0,4444","0,3333"
502,Rumah mewah dijual di Tebet Jakarta selatan,"0,3438","0,6463","0,4131","0,5000","0,3333","0,3333"
503,"Rumah Hitung Tanah di Tebet Timur, Jalan Lebar 3 Mobil, Bentuk Tanah Persegi","0,0953","0,1289","0,1501","0,5000","0,2222","0,2222"
504,Rumah second masih bagus wilayah Tebet,"0,0781","0,2465","0,1248","0,5000","0,3333","0,0000"
505,TERJUAL TEBET TIMUR JALAN 2 MOBIL Dekat Taman,"0,0516","0,1289","0,0676","0,1250","0,2222","0,1111"
506,Dijual Rumah Cantik Tebet Barat Lokasi Dekat Taman Nyaman Jalan 1 Mobil,"0,0391","0,1759","0,0267","0,1250","0,3333","0,1111"
507,Very Cheap House Tebet,"0,0859","0,1468","0,2110","0,3750","0,2222","0,0000"
508,"Tebet rumah full furnished, jakarta selatan","0,0938","0,1383","0,0832","0,5000","0,5556","0,2222"
509,"The Classic Luxury House With Pool @Brand New near Cassablanca Area, Palbatu, Jakarta Selatan","0,0797","0,2935","0,0565","0,5000","0,4444","0,2222"
510,"The Classic Luxury House With Pool @Brand New near Cassablanca Area, Palbatu, Jakarta Selatan","0,0469","0,1289","0,0788","0,3750","0,3333","0,1111"
511,Rumah siap huni di tebet dalam,"0,1094","0,3829","0,2199","0,6250","0,5556","0,1111"
512,Rumah Area Tebet Ada Kamar Tidur,"0,0313","0,1214","0,0490","0,2500","0,2222","0,1111"
513,Dijual Rumah Gudang Peluru Tebet Lokasi Premium Nyaman Jalan Lebar,"0,1133","0,3735","0,1753","0,5000","0,4444","0,1111"
514,"Rumah di Tebet Timur Dalam 7 i, Luas Tanah 179 m2, Lebar Muka 12 meter","0,0359","0,0913","0,0929","0,2500","0,1111","0,1111"
515,Dijual Rumah Di Tebet,"0,1563","0,4111","0,2571","0,5000","0,2222","0,3333"
516,"Dijual Rumah Baru Siap Huni Daerah Tebet , Jakarta Selatan","0,0938","0,1477","0,0832","0,2500","0,3333","0,1111"
517,Tebet Timur Rumah Homies Termurah Cepat,"0,0311","0,0931","0,0758","0,5000","0,3333","0,1111"
518,"DIJUAL Rumah 2 Lantai, Lokasi Sangat Strategis, Dekat Tol Cawang dan Stasiun Cawang","0,0406","0,0583","0,0602","0,3750","0,2222","0,1111"
519,Dijual Murah Rumah Di Jln Keselamatan Tebet Jakarta Selatan,"0,0258","0,1195","0,1100","0,2500","0,1111","0,3333"
520,Rumah Hoky Lokasi Strategis Di Belakang Hotel Haris Tebet,"0,0258","0,1101","0,1100","0,2500","0,1111","0,3333"
521,Rumah 2 Lantai Siap Huni di Bilangan Tebet,"0,0266","0,1289","0,0505","0,3750","0,2222","0,0000"
522,"Rumah Di Tebet Raya, Area Komersial, Keluar Ijin Domisili, Strategis","0,3281","0,4111","0,3462","0,3750","0,3333","0,3333"
523,Rumah Tebet Dengan Lokasi Strategis Jalan Lebar,"0,0281","0,0818","0,0327","0,2500","0,2222","0,0000"
524,Djual rumah di tebet jakarta selatan luas,"0,1281","0,3641","0,4799","0,7500","0,4444","0,1111"
525,Rumah jual Tebet Barat,"0,0781","0,0818","0,1456","0,2500","0,3333","0,1111"
526,"Rumah Dijual Murah Lokasi Strategis Di Kebon Baru, Tebet - Jakarta Selatan","0,0000","0,0724","0,0550","0,3750","0,2222","0,0000"
527,Brand New House At Tebet Barat,"0,2156","0,4111","0,1902","0,1250","0,2222","0,3333"
528,"Dijual Rumah Di tebet , Jakarta Selatan Cocok Untuk Ruang Usaha","0,1016","0,1289","0,1679","0,3750","0,4444","0,1111"
529,"Tebet rumah classic cocok buat comersial, jakarta selatan","0,2969","0,5992","0,3663","0,5000","0,4444","0,5556"
530,TEBET Rumah Nyaman Siap Huni dekat Kawasan Kuliner Tebet,"0,0156","0,0583","0,0587","0,2500","0,1111","0,0000"
531,"Rumah di Tebet Timur, SHM, Dekat ke Bandara Halim, Mall Kota Kasablanka dan Dekat Pintu Tol Pancoran","0,0148","0,0583","0,0565","0,2500","0,1111","0,0000"
532,Townhouse Bidakara Mewah Nyaman Di Jakarta Selatan 4 Br,"0,1641","0,5052","0,1144","0,2500","0,4444","0,3333"
533,"Rumah hook dijual, sangat strategis di Tebet","0,0219","0,0790","0,0743","0,1250","0,1111","0,0000"
534,Rumah Cantik Full Renov Tebet Timur,"0,0328","0,0724","0,0267","0,1250","0,1111","0,1111"
535,Rumah Siap Huni Di Tebet - Jakarta Selatan,"0,0563","0,1759","0,0966","0,2500","0,2222","0,1111"
536,Dijual Rumah Lama Tebet Barat Lokasi Strategis Jalan 1 Mobil,"0,0313","0,0724","0,0602","0,1250","0,1111","0,0000"
537,Dijual Rumah Baru 2 lantai Di Tebet,"0,0344","0,0536","0,0238","0,3750","0,3333","0,1111"
538,Rumah Asri di jalan utama tebet,"0,2188","0,4111","0,2571","0,8750","0,5556","0,3333"
539,"Rumah tebet timur dalam, depan taman","0,0547","0,0724","0,0639","0,1250","0,1111","0,0000"
540,Dijual rumah hook asri Bangunan di gudang peluru,"0,0906","0,3923","0,1753","0,5000","0,2222","0,3333"
541,Rumah Tebet Timur Dalam Dekat Pspt dan stasiun tebet,"0,0859","0,1468","0,2110","0,3750","0,2222","0,2222"
542,Rumah lama hitung tanah kb. Baru Tebet,"0,0398","0,1759","0,2214","0,3750","0,0000","0,2222"
543,Rumah Mewah Fullfurnish Tebet Jakarta Selatan,"0,3438","0,8815","0,3299","0,7500","0,8889","0,4444"
544,Rumah Dijual Di Tebet,"0,1250","0,1759","0,0802","0,2500","0,2222","0,1111"
545,Rumah Mewah Di Prime Area Tebet,"0,1719","0,2700","0,1070","0,6250","0,4444","0,3333"
546,Rumah Tua Hitung Tanah Di Prime Area. TERMURAH Di TEBET !,"0,3281","0,5052","0,5929","0,3750","0,4444","0,3333"
547,Rumah Bagus Siap Huni Dekat Casablanca. TERMURAH Di TEBET !,"0,0391","0,2230","0,1010","0,5000","0,5556","0,2222"
548,Rumah Lama Di Tebet. MURAH. Best Investment !,"0,0445","0,0913","0,1263","0,2500","0,2222","0,0000"
549,Komplek Bukit Duri Permai,"0,1375","0,6548","0,1969","0,2500","0,3333","0,3333"
550,Rumah Bagus Siap Huni JUAL CEPAT ! Tebet Utara,"0,1234","0,2230","0,1828","0,3750","0,3333","0,1111"
551,Rumah Cantik Siap Huni Dalam Komplek. JUAL CEPAT ! Tebet Barat ,"0,0578","0,2041","0,0357","0,2500","0,2222","0,2222"
552,Rumah Baru Siap Huni. MURAH ! Tebet Barat,"0,0320","0,1035","0,0260","0,1250","0,3333","0,1111"
553,Rumah Bagus Siap Huni FULL FURNISHED Di Dalam Komplek Tebet Barat,"0,0742","0,1759","0,0498","0,2500","0,3333","0,1111"
554,Rumah Baru Dalam Komplek Tebet,"0,0547","0,1759","0,0416","0,2500","0,2222","0,0000"
555,RUMAH MEWAH TEBET,"0,4219","0,6463","0,3299","0,3750","0,4444","0,2222"
556,Rumah tebet ada ruang usaha jakarta selatan,"0,1875","0,4111","0,2571","0,5000","0,2222","0,1111"
557,Rumah Mewah Cantik Minimalis Modern Harga Dibawah Pasaran di Jalan Raya Tebet Timur Dalam Raya Tebet,"0,3750","0,2700","0,3796","0,3750","0,4444","0,0000"
558,good unit house tebet jakarta,"0,0984","0,4111","0,2013","0,3750","0,4444","0,0000"
559,"Rumah Tebet Timur, Jalan 1 Mobil","0,0297","0,0583","0,0602","0,3750","0,1111","0,0000"
560,"Rumah Tebet Timur, Jalan 2 Mobil Dekat Taman Tebet","0,1094","0,2023","0,1664","0,6250","0,2222","0,1111"
561,Dekat Stasiun Tebet Dan Mega Kuningan,"0,1211","0,2230","0,1991","0,2500","0,3333","0,1111"
562,"4 Bedrooms House Tebet, Jakarta Selatan, DKI Jakarta","0,0703","0,2794","0,0639","0,2500","0,3333","0,1111"
563,"Rumah Di Jual Tebet Barat, Luas Tanah 550 Meter","0,2422","0,5992","0,3685","0,5000","0,5556","0,0000"
564,good unit house tebet jakarta,"0,0016","0,0000","0,1828","0,1250","0,0000","0,0000"
565,Rumah Bagus Siap Huni Ada S. Pool Di Tebet,"0,2188","0,5992","0,4799","0,3750","0,2222","0,3333"
566,Rumah Baru Spec Premium Semifurnished,"0,0922","0,1759","0,0527","0,1250","0,1111","0,1111"
567,Dijual Cepat rumah 3 lantai di Tebet,"0,1016","0,4111","0,1679","0,3750","0,3333","0,0000"
568,Rumah minimalis tebet jalan 3 mobil,"0,0750","0,1477","0,0646","0,2500","0,3333","0,2222"
569,Rumaha mewah siap huni tebet,"0,2109","0,3170","0,1880","0,1250","0,2222","0,3333"
570,Rumah Minimalis Siap Huni Tebet,"0,0547","0,1289","0,0684","0,2500","0,3333","0,1111"
571,"5 Bedrooms House Tebet, Jakarta Selatan, DKI Jakarta","0,2500","0,5052","0,3685","0,3750","0,5556","0,5556"
572,Dijual Rumah Tebet Dekat Dengan Jalan 2 Mobil Beda 1 Rumah..!!,"0,0305","0,0818","0,0594","0,1250","0,1111","0,0000"
573,Rumah Hitung Tanah Tebet Jalan 1 Mobil,"0,0313","0,0818","0,0713","0,1250","0,1111","0,0000"
574,Dijual Cepat Rumah Strategis Tebet Timur,"0,0156","0,0160","0,0267","0,0000","0,0000","0,0000"
575,Rumah Mewah Cantik Minimalis Modern di Jalan Raya Tebet Timur Dalam Raya Tebet Jakarta Selatan,"0,3750","0,2700","0,3796","0,3750","0,4444","0,3333"
576,Jual Cepat Rumah Mewah di Tebet Jakarta Seatan,"0,1172","0,2230","0,2013","0,3750","0,2222","0,1111"
577,Rumah Cantik Di Tebet Jakarta Selatan,"0,0938","0,2041","0,1233","0,2500","0,2222","0,3333"
578,Dijual Cepat Rumah lama layak huni di Tebet,"0,1375","0,3170","0,2199","0,2500","0,4444","0,0000"
579,Rumah Siap Huni Di Tebet Lokasi Sangat Strategis Sekali,"0,0313","0,0818","0,0267","0,1250","0,1111","0,0000"
580,Rumah Mewah Kampung Melayu Jual Murah Bawah Pasaran,"0,0703","0,1289","0,1456","0,2500","0,2222","0,2222"
581,Rumah Baru Renovasi Di Tebet Utara,"0,0344","0,0818","0,0602","0,3750","0,1111","0,0000"
582,Rumah Mewah Di Tebet,"0,3750","0,9567","0,4198","0,3750","0,5556","0,1111"
583,Rumah Baru Dekat Kawasan Tebet jakarta selatan,"0,0891","0,3076","0,0565","0,6250","0,5556","0,2222"
584,Dijual Rumah Komplek Depkeu Menteng Tebet Jakarta Selatan,"0,2500","0,2794","0,4101","0,7500","0,2222","0,0000"
585,"Dijual Rumah Brand New Cantik Asri Siap Huni Harga Murah Dengan Tanah Luas Di Tebet Timur, Tebet Jaka","0,4688","0,8815","0,4577","0,5000","0,4444","0,1111"
586,Rumah hitung tanah di kebon baru Tebet Jakarta Selatan,"0,1281","0,5522","0,4762","0,5000","0,7778","0,0000"
587,Rumah Minimalis Bagus Prime Area Tebet Barat,"0,0922","0,1759","0,0788","0,1250","0,3333","0,0000"
588,Tebet Rumah Hitung Tanah Siap Bangun Linkungan Aman dan Nyaman,"0,0406","0,0536","0,0632","0,3750","0,2222","0,0000"
589,Tebet Rumah Hitung Tanah Dekat Taman,"0,0109","0,0160","0,0267","0,0000","0,1111","0,0000"
590,Rumah dijual di tebet,"0,0297","0,0659","0,0535","0,1250","0,1111","0,0000"
591,Rumah Siap Huni Ditebet Jual Cepat,"0,0141","0,0536","0,0267","0,1250","0,1111","0,0000"
592,Rumah Tebet Soepomo Komplek Keuangan,"0,2500","0,3076","0,4116","0,8750","0,2222","0,4444"
593,Rumah Murah Tanah Luas Siap Huni Di Asem Baris Tebet Jakarta Selatan,"0,0938","0,4111","0,2779","0,5000","0,5556","0,3333"
594,"Rumah Dan Kos-Kosan Di Tebet Barat, Jalan 1 Mobil, Lokasi Strategis","0,0359","0,1289","0,0676","0,7500","0,7778","0,1111"
595,Rumah Baru Minimalis 2 Lantai Siap Huni di Tebet Jakarta,"0,0961","0,1759","0,0802","0,2500","0,2222","0,1111"
596,"Murah Dibawah Pasaran, Tebet Timur","0,1172","0,2070","0,1872","0,3750","0,3333","0,0000"
597,"Dijual Rumah Brand New Siap Huni Harga Murah Dengan Tanah Luas Di Tebet Barat, Tebet Jakarta Selatan","0,2500","0,3641","0,1902","0,2500","0,3333","0,3333"
598,Rumah Minimalis Murah Dekat Stasiun Tebet Jakarta Selatan,"0,0273","0,0546","0,0342","0,2500","0,2222","0,0000"
599,Dijual Rumah Tebet Barat Lokasi Premium Nyaman Jalan 1 Mobil,"0,0313","0,1515","0,0520","0,1250","0,2222","0,0000"
600,Rumah Cantik Minimalis Di Tebet,"0,0859","0,2230","0,1085","0,3750","0,3333","0,3333"
601,Rumah tebet timur dalam jalan 1 mobil dekat 2 mobil,"0,0766","0,1966","0,1909","0,2500","0,3333","0,4444"
602,"Rumah Baru Bagus, Asem Baris, Tebet Area","0,0594","0,2465","0,1278","0,2500","0,3333","0,2222"
603,"DIJUAL CEPAT Rumah 2 LANTAI SIAP PAKAI MURAH SEKALI @Tebet, Jakarta Selatan","0,0859","0,1759","0,0936","0,7500","0,4444","0,1111"
604,Rumah Ditebet Utara Tebet Jakarta Selatan,"0,0859","0,1759","0,0944","0,7500","0,5556","0,0000"
605,"Dijual Rumah Di Tebet, Jakarta Selatan, Siap Huni","0,0343","0,0818","0,0602","0,1250","0,2222","0,0000"
606,Rumah Bagus Di Asem Baris - Tebet,"0,0625","0,2418","0,0713","0,6250","0,5556","0,1111"
607,"DIJUAL RUMAH di Jl. Asem Baris Tebet, Jaksel","0,0188","0,1533","0,0305","0,3750","0,2222","0,1111"
608,Rumah mewah clasic di tebet jakarta selatan,"0,4375","0,8815","0,4577","0,3750","0,4444","0,4444"
609,"Rumah Mewah design Klasik, ada Swimming Pool di Tebet Barat","0,2156","0,4111","0,1902","0,2500","0,3333","0,3333"
610,Dijual cepat murah BU rumah lama strategis di tebet jakarta selatan,"0,0313","0,0348","0,0632","0,1250","0,1111","0,0000"
611,"DIJUAL CEPAT Rumah 2 Lantai SIAP HUNI & MURAH JARANG ADA di Tebet, Jakarta Selatan","0,0859","0,1759","0,0936","0,7500","0,4444","0,1111"
612,Tebet - Dijual Rumah Dalam Kompleks Gudang Peluru,"0,1016","0,1101","0,1085","0,3750","0,3333","0,0000"
613,"Rumah Siap Huni,Bebas Banjir,Tenang,Nyaman Di Gudang Peluru, Tebet","0,0625","0,1759","0,1211","0,1250","0,2222","0,0000"
614,Jual cepat Rumah Besar di Tebet Timur,"0,0352","0,2230","0,0736","0,7500","0,6667","0,1111"
615,Rumah Kost Bisa Untuk Huni Di Tebet Barat Dalam Dekat Mt. Haryono,"0,0359","0,1289","0,0565","0,8750","0,2222","0,0000"
616,TEBET Rumah Lingkungan Nyaman dan Aman Dekat Taman,"0,0547","0,1289","0,0936","0,2500","0,2222","0,0000"
617,TEBET Rumah Brand New Depan Taman Jalan Dua Mobil Lebar,"0,0969","0,1759","0,0795","0,1250","0,2222","0,1111"
618,Menteng Dalam - Tebet Akses Jalan 2 Mobil Dekat Asisi,"0,0281","0,0818","0,0357","0,1250","0,2222","0,0000"
619,Tebet Rumah Brand New Akses Jalan 2 Mobil,"0,0547","0,1759","0,0312","0,3750","0,3333","0,1111"
620,"Dijual Cepet Rumah Siap Huni Tebet, Lokasi Nyaman, Strategis","0,0266","0,0348","0,0565","0,3750","0,1111","0,1111"
621,Dijual Rumah Minimalis Tebet Timur Lokasi Premium Bisa Untuk Kantor Jalan Raya,"0,1328","0,1759","0,1003","0,2500","0,2222","0,1111"
622,Rumah Siap huni 3 lantai dalam komplek Tebet,"0,0703","0,0790","0,0394","0,5000","0,3333","0,0000"
623,Dijual Rumah Tebet Area Komersil Lokasi Strategis Jalan Raya,"0,3438","0,6463","0,4131","0,7500","0,5556","0,5556"
624,Kebon Baru Rumah Nyaman Siap Huni,"0,0078","0,0536","0,0267","0,1250","0,1111","0,0000"
625,"Rumah Secondary tanah luas strategis asem baris Tebet, Jakarta selatan","0,0938","0,4111","0,2779","0,7500","0,5556","0,3333"
626,"Tebet rumah murah prime location, jakarta selatan","0,0391","0,1383","0,0862","0,3750","0,2222","0,1111"
627,Rumah brand new area Tebet Barat,"0,0617","0,1524","0,0416","0,3750","0,3333","0,1111"
628,Dijual Rumah Mewah Desain Modern Daerah Tebet,"0,4531","0,6933","0,3299","0,3750","0,4444","0,8889"
629,Dijual rumah baru di tebet jakarta selatan,"0,0153","0,0950","0,0134","0,2500","0,1111","0,1111"
630,BrandNew Siap Huni Parkir 3 Mobil Tebet Utara,"0,0859","0,1759","0,0527","0,1250","0,2222","0,2222"
631,"Rumah Tebet Dalam, Dekat Taman & Dekat Jln 2 Mobil","0,0391","0,1082","0,0713","0,1250","0,1111","0,1111"
632,Rumah Lama Terawat BU Tebet,"0,0125","0,0395","0,0267","0,1250","0,1111","0,0000"
633,Rumah Lama Terawat lokasi bagus dekat MT.Haryono,"0,1875","0,2700","0,1441","0,2500","0,3333","0,0000"
634,Tebet Rumah Lama Terawat,"0,0328","0,1524","0,0758","0,2500","0,2222","0,1111"
635,Brand New Rumah Strategi Soho Tebet,"0,0586","0,1101","0,0617","0,2500","0,3333","0,1111"
636,"4 Bedrooms House Tebet, Jakarta Selatan, DKI Jakarta","0,0250","0,0913","0,0267","0,2500","0,1111","0,0000"
637,Dijual Rumah Komplek Gudang Peluru Hitung Tanah Lokasi Premium Tenang Jalan 2 Mobil,"0,0820","0,1289","0,1976","0,2500","0,2222","0,1111"
638,"Rumah Siap Huni Di Tebet, Jalan 1 Mobil Strategis","0,0313","0,0818","0,0602","0,1250","0,0000","0,0000"
639,KOMPLEK ELITE GUDANG PELURU - Rumah Besar Siap Huni,"0,0867","0,2700","0,1605","0,3750","0,3333","0,1111"
640,Rumah Asem Baris,"0,0625","0,2418","0,0713","0,6250","0,5556","0,0000"
641,Rumah Baru Lux Di Tebet Barat,"0,2344","0,4346","0,2051","0,2500","0,3333","0,2222"
642,Turun harga rumah di Tebet Jaksel,"0,3438","0,6463","0,4131","0,7500","0,5556","0,3333"
643,Dijual Rumah Tebet Timur Layak Huni Lokasi Premium Nyaman Jalan Lebar,"0,0953","0,1289","0,1568","0,5000","0,2222","0,2222"
644,Dijual Murah Rumah Hitung Tanah Tebet Timur Lokasi Strategis Jalan 1 Mobil,"0,0203","0,0762","0,0602","0,2500","0,1111","0,1111"
645,Dijual Rumah 2 Lantai Lokasi Strategis Siap Huni di Asembaris Tebet,"0,1016","0,4111","0,2779","0,5000","0,3333","0,3333"
646,Rumah tebet jakarta selatan,"0,0703","0,3264","0,1122","0,2500","0,3333","0,1111"
647,Rumah Bagus Minimalis Luas Dan Murah Di Asem Baris Tebet Jaksel,"0,0203","0,0818","0,0579","0,2500","0,2222","0,0000"
648,Dekat Stasiun Tebet Dan Jalan Mt Hariyono Dan RS.Umum,"0,2188","0,1637","0,2474","0,3750","0,3333","0,1111"
649,Dijual Rumah Tebet Brand New Lokasi Strategis Jalan 1 Mobil,"0,0391","0,0724","0,0267","0,1250","0,2222","0,1111"
650,Rumah tebet timur dalam jalan 2 mobil,"0,0766","0,0724","0,0394","0,1250","0,2222","0,2222"
651,Dijual Rumah Dengan Carport Luas di Tebet Barat,"0,4531","0,4111","0,4822","0,7500","0,3333","0,7778"
652,"Rumah Tebet Barat Dalam, Strategis","0,0297","0,0536","0,0617","0,3750","0,1111","0,0000"
653,Tebet Akses Jalan 2 Mobil Dekat Taman Cocok Untuk Hunian,"0,0781","0,2700","0,1233","0,3750","0,4444","0,1111"
654,RUMAH MEWAH CANTIK SIAP HUNI DI MENTENG DALAM TEBET JAKARTA SELATAN,"0,2656","0,1289","0,1464","0,3750","0,2222","0,2222"
655,Rumah siap huni 3 lantai di Tebet Jakarta Selatan,"0,0703","0,0790","0,0394","0,5000","0,3333","0,1111"
656,DIJUAL RUMAH di TEBET TIMUR Jakarta Selatan,"0,0422","0,2700","0,0936","0,2500","0,2222","0,0000"
657,Rumah Siap Huni Jalan Lebaaarrr Tebet Barat,"0,0820","0,0818","0,0713","0,1250","0,2222","0,1111"
658,"Rumah Murah Di Tebet Timur Dalam, Tebet Jakarta Selatan","0,0422","0,0818","0,0632","0,3750","0,2222","0,0000"
659,Rumah Mewah di Tebet Jakarta Selatan,"0,0984","0,2230","0,2013","0,3750","0,3333","0,5556"
660,"Rumah Cantik 2 Lantai, akses jalan 2 Mobil, di Tebet Timur","0,0930","0,0818","0,1010","0,2500","0,3333","0,1111"
661,Dijual Rumah Hook Baru Tebet Timur Jakarta Selatan Lokasi Aman Tidak Banjir Dekat Pasar PSPT,"0,0375","0,1195","0,0416","0,3750","0,5556","0,1111"
662,Dijual Rumah Baru Siap Huni di Tebet Barat,"0,0359","0,0536","0,0267","0,1250","0,2222","0,1111"
663,House In Dukuh Patra,"0,6406","0,5052","0,4235","0,1250","0,2222","0,1111"
664,"Dijual Rumah Lux Brandnew, Lokasi Strategis Dekat Ke Kokas","0,0891","0,3076","0,0565","0,2500","0,4444","0,1111"
665,Dijual Rumah Di Tebet,"0,1719","0,3170","0,1917","0,2500","0,3333","0,1111"
666,Rumah lama siap bangun di jalan 1 mobil Tebet Timur,"0,0211","0,0630","0,0565","0,2500","0,2222","0,0000"
667,"Tebet Rumah Lama Jalan 2 Mobil, Acces Mudah Ke Stasiun Kereta Dan Kulineran","0,0375","0,0348","0,0632","0,5000","0,3333","0,1111"
668,Rumah Minimalis Modern 2 Lantai Nan Mewah Dekat Mall Basurra City,"0,0313","0,1289","0,0713","0,3750","0,3333","0,1111"
669,Dijual Rumah Di Tebet,"0,0625","0,2493","0,0713","0,6250","0,5556","0,1111"
670,Dijual rumah siap huni di Tebet,"0,0469","0,1759","0,0743","0,5000","0,2222","0,1111"
671,Dijual rumah siap huni di Tebet,"0,0203","0,0414","0,0000","0,1250","0,1111","0,0000"
672,DIJUAL RUMAH DI TEBET,"0,0547","0,1571","0,0936","0,2500","0,3333","0,0000"
673,Dijual rumah di Tebet,"0,0531","0,1289","0,1048","0,6250","0,1111","0,1111"
674,Dijual rumah di Tebet Timur,"0,0547","0,0818","0,0929","0,1250","0,1111","0,0000"
675,Dijual Rumah Hitung Tanah Tebet Lokasi Strategis Nyaman Jalan 1 Mobil Lebar,"0,0281","0,0348","0,0565","0,1250","0,1111","0,1111"
676,Dijual Rumah Komplek Gudang Peluru Tebet Lokasi Premium Nyaman Jalan 1 Mobil,"0,0438","0,1082","0,1374","0,2500","0,2222","0,3333"
677,Dijual rumah di TEBET - BANGUNAN TERAWAT DAN KOKOH DI JALAN 3 MOBIL,"0,2188","0,3641","0,3128","0,3750","0,4444","0,4444"
678,Rumah Tanjung Duren,"0,0391","0,0677","0,0349","0,2500","0,1111","0,1111"
679,RUmah Bagus Pinggir Jalan Lokasi Strategis Di Tebet Jakarta Selatan,"0,0703","0,1007","0,1605","0,5000","0,2222","0,0000"
680,Dijual cepat murah BU rumah lama strategis di tebet jakarta selatan,"0,0297","0,0348","0,0632","0,1250","0,1111","0,1111"
681,Dijual cepat murah rumah lama strategis di tebet kuningan jakarta selatan,"0,0522","0,0348","0,0520","0,1250","0,1111","0,1111"
682,Rumah Besar di jual di Jalan Gatot Subroto Jakarta Selatan,"0,3750","0,2728","0,3574","1,0000","1,0000","0,5556"
683,Dijual Rumah Siap Huni 3 lantai di Tebet Jakarta Selatan,"0,0297","0,0818","0,0045","0,2500","0,3333","0,0000"
684,Dijual Rumah Minimalis di tebet timur area strategis,"0,0344","0,0818","0,0282","0,2500","0,3333","0,1111"
685,Rumah Murah Dan Strategis Dekat Mall Casablanca Di Tebet Dalam Jaksel,"0,0391","0,1383","0,0877","0,3750","0,1111","0,1111"
686,Rumah Mewah Modern di Tebet Barat Nego,"0,3750","0,4581","0,3202","0,2500","0,3333","0,2222"
687,Rumah daerah Tebet,"0,1016","0,1759","0,1939","0,1250","0,2222","0,1111"
688,Tebet Rumah Dekat Lapangan Bola Siap Huni,"0,0305","0,0677","0,0587","0,2500","0,2222","0,0000"
689,"5 Bedrooms House Tebet, Jakarta Selatan, DKI Jakarta","0,1250","0,2700","0,1865","0,3750","0,4444","0,2222"
690,"4 Bedrooms House Tebet, Jakarta Selatan, DKI Jakarta","0,0234","0,0536","0,0602","0,2500","0,1111","0,0000"
691,Brand New Minimalis Tebet Dengan Lokasi Strategis Dijual Cepat,"0,0328","0,1025","0,0267","0,2500","0,2222","0,1111"
692,Dijual cepat dan murah rumah lama strategis di Tebet Jakarta Selatan,"0,0391","0,1289","0,1315","0,2500","0,2222","0,1111"
693,"Dijual rumah di Tebet, Jakarta Selatan, bebas banjir, nyaman, dan aman","0,1719","0,3923","0,1917","0,2500","0,1111","0,0000"
694,Dijual Rumah Tebet Timur Lokasi Premium Cocok Untuk Usaha Jalan Lebar,"0,0938","0,2512","0,0988","0,6250","0,3333","0,1111"
695,"Dijual Rumah, Siap Huni,Strategis, Di Tebet Jakarta Selatan","0,0859","0,0800","0,0713","0,2500","0,2222","0,2222"
696,Rumah di tebet timur dalam,"0,0547","0,1289","0,0698","0,2500","0,2222","0,0000"
697,Rumah Tua Di Tebet Jalan Depan Dua Mobil,"0,0938","0,1101","0,1478","0,1250","0,1111","0,1111"
698,Tebet Rumah Tinggal,"0,0203","0,0724","0,0171","0,2500","0,2222","0,0000"
699,Dijual rumah di Tebet,"0,1211","0,1759","0,1085","0,3750","0,3333","0,1111"
700,Jual Rumah Mewah Siap Huni Strategis di Tebet Jakarta Selatan,"0,1219","0,3170","0,1308","0,3750","0,4444","0,2222"
701,Townhouse Bidakara,"0,1875","0,5052","0,1144","0,2500","0,4444","0,3333"
702,Tebet Dijual Rumah cantik 2 lantai semi furnished dan lay out nya bagus,"0,0953","0,2041","0,1389","0,3750","0,3333","0,2222"
703,"Rumah di depan taman di tebet utara, belakang pertokoan Elektronic city","0,0313","0,0715","0,0713","0,1250","0,2222","0,0000"
704,Dijual rumah Tebet 2 lantai. akses strategis,"0,0406","0,0818","0,0602","0,3750","0,2222","0,2222"
705,Rumah Mewah Tebet Utara Jakarta Selatan,"0,3281","0,5992","0,4198","0,3750","0,3333","1,0000"
706,"rumah area komersial, tebet raya, jakarta selatan","0,3281","0,2700","0,2927","0,5000","0,6667","0,3333"
707,"Rumah Tebet Barat Jakarta, Siap Huni","0,0391","0,0913","0,0475","0,2500","0,3333","0,1111"
708,Rumah Bagus siap huni akses 2 mobil daerah Tebet Jakarta Selatan,"0,1172","0,1712","0,1382","0,1250","0,4444","0,1111"
709,Dijual Rumah Mewah Lokasi Bagus di Tebet Jalan Lebar,"0,3750","0,4581","0,3202","0,3750","0,4444","0,1111"
710,"3 Bedrooms House Tebet, Jakarta Selatan, DKI Jakarta","0,0094","0,0818","0,0267","0,1250","0,1111","0,0000"
711,"Rumah 2 lantai di Jalan Sawo Kecik Raya, Bukit Duri, Tebet, Jakarta Selatan","0,0703","0,3396","0,1909","0,3750","0,3333","0,3333"
712,Rumah Bagus Cakep Dikawasan Elit Tebet Jaksel,"0,1094","0,1853","0,1872","0,3750","0,3333","0,1111"
713,Dijual Rumah Tinggal Siap Huni Di Tebet lokasi strategis dan premium di Jakarta Selatan,"0,1797","0,3923","0,1917","0,2500","0,1111","0,0000"
714,"Rumah Terawat Siap Huni Di Tebet, Jaksel","0,1016","0,2700","0,1233","0,2500","0,4444","0,0000"
715,"4 Bedrooms House Tebet, Jakarta Selatan, DKI Jakarta","0,0313","0,2230","0,0416","0,2500","0,2222","0,0000"
716,Tebet Rumah Lama Dijalan Lebar Dengan Lokasi Strategis Jual Cepat,"0,2188","0,2230","0,1530","0,2500","0,2222","0,3333"
717,RUMAH TOWN HOUSE CANTIK TEBET,"0,0453","0,1477","0,0602","0,2500","0,3333","0,0000"
718,Dijual Rumah Hitung Tanah Tebet Lokasi Strategis Nyaman Jalan 2 Mobil,"0,0781","0,1383","0,1107","0,3750","0,2222","0,0000"
719,Dijual rumah di Tebet,"0,2656","0,1289","0,2942","0,3750","0,2222","0,1111"
720,Rumah Di Tebet,"0,0313","0,0818","0,0267","0,2500","0,4444","0,0000"
721,Brand New Minimalis Tebet Jalan Lebar Depan Taman Dijual Cepat,"0,0625","0,1101","0,0394","0,5000","0,4444","0,1111"
722,Dijual Rumah Cantik Kebon Baru Lokasi Strategis Nyaman Jalan 2 Mobil,"0,0234","0,0724","0,0602","0,2500","0,2222","0,0000"
723,"Rumah Tinggal Di Area Komersil Jl Tebet Raya, Strategis Dan Murah","0,3125","0,2700","0,3462","0,3750","0,3333","0,1111"
724,NEW TOWNHOUSE WITH PRIVATE POOL AT BIDAKARA TEBET JAKARTA SELATAN,"0,1797","0,5052","0,1144","0,2500","0,4444","0,3333"
725,Rumah Siap Huni Tebet Jalan 2 Mobil Dijual Cepat,"0,0313","0,0913","0,0639","0,2500","0,2222","0,0000"
726,Rumah Tebet Barat,"0,4531","0,4111","0,4822","0,6250","0,3333","0,7778"
727,Rumah bagus siap huni dengan lokasi strategis dekat dengan supomo dan casablanca di jalan 1 mobil,"0,0586","0,1289","0,0713","0,3750","0,4444","0,1111"
728,Rumah Termurah Akses Jalan 2 Mobil Luas Tanah 268 M Di Tebet Barat,"0,0922","0,3170","0,1590","0,3750","0,3333","0,2222"
729,For Sale Single House at Tebet & Condition Semi Furnished HSE-A0330,"0,1406","0,2230","0,2333","0,2500","0,3333","0,2222"
730,Rumah Bagus Dan Elite Di Kawasan Tebet Yang Pretigous,"0,0891","0,1759","0,0527","0,1250","0,2222","0,2222"
731,"4 Bedrooms House Tebet, Jakarta Selatan, DKI Jakarta","0,0281","0,1289","0,0416","0,2500","0,2222","0,1111"
732,"5 Bedrooms House Tebet, Jakarta Selatan, DKI Jakarta","0,0313","0,1101","0,0602","0,3750","0,3333","0,2222"
733,Rumah Minimalis bagus Tebet Utara,"0,0484","0,1477","0,0416","0,2500","0,2222","0,1111"
734,Rumah Siap Huni Di Tebet Dalam Jakarta Selatan,"0,0391","0,0931","0,0706","0,2500","0,1111","0,1111"
735,"Dijual Rumah Mewah Full Furnish Di Tebet, Jakarta Selatan","0,5313","0,6933","0,4799","0,5000","0,6667","1,0000"
736,RumahKomersil di Tebet Timur Raya,"0,3281","0,6707","0,5364","0,2500","0,2222","0,3333"
737,Rumah modern semi klasik di Tebet,"0,4531","0,6933","0,3299","0,5000","0,5556","0,8889"
738,"Rumah Dekat Jalan Utama Bukitduri, Hanya 2 Rumah Dari Jalan Besar","0,0156","0,0611","0,0698","0,2500","0,2222","0,1111"
739,JUAL CEPAT RUMAH MEWAH CLASSIC MODERN BEBAS BANJIR LOKASI PREMIUM TEBET,"0,3750","0,4581","0,3202","0,3750","0,3333","0,3333"
740,"Dijual murah, hitung tanah, tebet timur dalam","0,1328","0,2982","0,2467","0,6250","0,3333","0,3333"
741,Dijual sangat murah rumah baru daerah tebet,"0,0563","0,1759","0,0721","0,3750","0,2222","0,3333"
742,Dijual cepat rumah Tebet timur jakarta selatan,"0,0781","0,0988","0,1241","0,3750","0,2222","0,1111"
743,"Brand New Minimalis 3 Lantai Tebet Dijual Cepat, Lokasi Strategis","0,0211","0,0913","0,0193","0,2500","0,2222","0,0000"
744,Dijual Rumah Tebet Barat Lokasi Strategis Nyaman Jalan 1 Mobil,"0,0250","0,0724","0,0223","0,1250","0,1111","0,0000"
745,Rumah Siap Huni Di Lokasi Premium Tebet Barat Dalam,"0,1250","0,2230","0,1731","0,2500","0,2222","0,0000"
746,Rumah Cantik Minimalis Tebet,"0,0250","0,0818","0,0267","0,1250","0,1111","0,0000"
747,"rumah tebet dalam, hoek, SHM","0,1719","0,3829","0,1605","0,3750","0,3333","0,0000"
748,Cluster Baru Minimalis Modern Jaya Mandala Tebet Jakarta Selatan,"0,2109","0,5052","0,1144","0,2500","0,3333","0,1111"
749,"Rumah di Kasablangka, Tebet, Menteng, Jakarta Selatan","0,0430","0,0602","0,0936","0,2500","0,3333","0,1111"
750,Rumah Mewah Murah Dalam Komplek Di Tebet,"0,0781","0,2465","0,1270","0,6250","0,4444","0,1111"
751,Rumah Standard Di Tebet Dalam Jakarta Selatan,"0,0656","0,2230","0,1530","0,6250","0,2222","0,0000"
752,Rumah Strategis Siap Huni Di Raya Tebet Jakarta Selatan,"0,0609","0,1759","0,1575","0,1250","0,1111","0,0000"
753,Rumah Tua Strategis Di Tebet Raya Jakarta Selatan,"0,2578","0,6463","0,4978","0,2500","0,1111","0,2222"
754,Rumah Mewah Hook Siap Huni Dan Terawat Di Gudang Peluru Tebet,"0,1547","0,5484","0,2779","0,3750","0,4444","0,5556"
755,Rumah Cantik Dan Luas Di Tebet Jakarta Selatan,"0,1250","0,2230","0,2481","0,2500","0,2222","0,0000"
756,Rumah Strategis Di Tebet Jakarta Selatan,"0,0859","0,0988","0,1241","0,3750","0,1111","0,0000"
757,Rumah di Tebet Jakarta Selatan,"0,3750","0,5052","0,7028","1,0000","1,0000","1,0000"
758,"5 Bedrooms House Tebet, Jakarta Selatan, DKI Jakarta","0,0781","0,2230","0,0713","0,3750","0,3333","0,1111"
759,Rumah Murah Tebet,"0,0359","0,0536","0,0267","0,2500","0,3333","0,0000"
760,Rumah di Tebet,"0,0625","0,3264","0,1122","0,1250","0,2222","0,0000"
761,"Rumah Tebet Barat Dalam, Jakarta Selatan, Lokasi Strategis","0,0391","0,0913","0,0475","0,2500","0,3333","0,1111"
762,"4 Bedrooms House Tebet, Jakarta Selatan, DKI Jakarta","0,0313","0,0913","0,0267","0,2500","0,2222","0,0000"
763,Rumah Baru Hook Modern Minimalis Strategis Siap Huni Di Tebet Timur,"0,0359","0,1101","0,0416","0,2500","0,3333","0,1111"
764,"Rumah Di Tebet Timur Dalam, Jakarta Selatan, Siap Huni, Semi Furnished","0,0531","0,1759","0,0565","0,2500","0,2222","0,1111"
765,Rumah Asri Di Tebet Timur Tebet Jakarta Selatan,"0,0508","0,1289","0,0713","0,3750","0,2222","0,3333"
766,"Rumah Siap Huni Tebet Raya, Lingkungan Tenang nyaman, & Strategis","0,1563","0,1994","0,1865","0,3750","0,2222","0,0000"
767,Dijual rumah di tebet timur 2 lantai,"0,0313","0,0536","0,0267","0,2500","0,3333","0,0000"
768,Rumah Siap Huni Jalanan 3 Mobil Di Tebet,"0,1219","0,0818","0,1122","0,3750","0,1111","0,1111"
769,TERJUAL Tebet Rumah Siap Huni Jalan Dua Mobil 300 Meter dari Mt Haryono,"0,0703","0,2230","0,1441","0,3750","0,3333","0,2222"
770,"3 Bedrooms House Tebet, Jakarta Selatan, DKI Jakarta","0,0188","0,0913","0,0342","0,1250","0,1111","0,0000"
771,"5 Bedrooms House Tebet, Jakarta Selatan, DKI Jakarta","0,0781","0,1759","0,0862","0,3750","0,4444","0,2222"
772,"4 Bedrooms House Tebet, Jakarta Selatan, DKI Jakarta","0,0938","0,2230","0,1382","0,2500","0,2222","0,3333"
773,"Rumah Bagus 2 Lantai, Bebas Banjir, Tenang Di Tebet, Jakarta Selatan","0,1484","0,4111","0,2162","0,5000","0,3333","0,1111"
774,"Rumah Mewah 2 Lt Design Apik di Tebet Barat, Jakarta Selatan","0,0781","0,2700","0,1159","0,3750","0,4444","0,0000"
775,Rumah Tebet Barat,"0,0438","0,0818","0,0565","0,1250","0,1111","0,0000"
776,"Rumah Murah Minimalis Di Tebet Timur, Tebet Jakarta Selatan","0,0703","0,1759","0,0639","0,3750","0,2222","0,0000"
777,"Dijual rumah murah dan cepat aja di Kebon Baru, Tebet","0,0234","0,1289","0,0505","0,2500","0,1111","0,0000"
778,"Rumah second bangunan kokoh dan terawat dalam komplek Gudang Peluru , Tebet , Jakarta Selatan","0,1016","0,3923","0,1753","0,3750","0,2222","0,1111"
779,Rumah Mewah di Menteng Dalam - Tebet,"0,0906","0,2935","0,0565","0,2500","0,4444","0,3333"
780,Rumah Mewah di Tebet,"0,1797","0,3923","0,1917","0,2500","0,2222","0,1111"
781,"Jl. Tebet Raya, Kec. Tebet, Kota Jakarta Selatan, Daerah Khusus Ibukota Jakarta 12810, Indonesia","0,1328","0,2230","0,2333","0,3750","0,3333","0,1111"
782,Dijual rumah Tebet Jakarta Selatan,"0,0781","0,0818","0,1085","0,3750","0,3333","0,1111"
783,Dijual Segera Rumah Tebet Timur Jakarta Selatan,"0,0391","0,1665","0,0565","0,3750","0,5556","0,1111"
784,Dijual rumah di Tebet,"0,1250","0,2700","0,1865","0,2500","0,3333","0,2222"
785,Dijual rumah siap huni di Tebet,"0,1094","0,2700","0,0921","0,7500","0,5556","0,1111"
786,Dijual rumah di tebet timur raya,"0,2969","0,3547","0,4502","0,8750","0,4444","0,4444"
787,"Rumah Brand New Posisi Depan Tama Di Tebet Barat, 3 Lantai","0,1359","0,3641","0,1441","0,3750","0,5556","0,0000"
788,"4 Bedrooms House Tebet, Jakarta Selatan, DKI Jakarta","0,0500","0,1101","0,0490","0,2500","0,2222","0,1111"
789,Rumah tebet barat dalam,"0,1250","0,2700","0,1382","0,5000","0,3333","0,2222"
790,"Rumah Di Tebet,Lt270/375m,2 Lantai,Dkt Gatot Subroto","0,1203","0,2935","0,1568","0,3750","0,3333","0,3333"
791,Rumah Siap Huni Di Tebet Akses Mudah Dekat Ke Supomo Pancoran,"0,0391","0,1571","0,0713","0,3750","0,3333","0,1111"
792,Dekat Jalan Soepomo Dan Mall Kota Kasablanka. Fasilitas Terdekat Baik.,"0,3750","0,3170","0,6523","0,6250","0,4444","0,8889"
793,Rumah Second di Kebon Baru Tebet Jakarta Selatan,"0,1875","0,6933","0,2348","0,5000","0,4444","0,3333"
794,Town House di Tebet Jakarta Selatan,"0,0430","0,0536","0,0713","0,0000","0,1111","0,1111"
795,Good House Tebet,"0,1406","0,3641","0,5171","0,7500","0,5556","0,0000"
796,Rumah Bagus di Daerah Tebet,"0,0094","0,0160","0,0193","0,2500","0,2222","0,0000"
797,Tebet Rumah Mewah Minimalis 2 Lantai,"0,0547","0,2418","0,0684","0,3750","0,4444","0,2222"
798,"Rumah Di Tebet Dalam Akses 2 Mobil Besar, Jakarta Selatan","0,1953","0,1618","0,1501","0,1250","0,1111","0,1111"
799,"3 Bedrooms House Tebet, Jakarta Selatan, DKI Jakarta","0,0156","0,0348","0,0267","0,1250","0,1111","0,0000"
800,"Tebet Rumah Bagus Minimalis Modern, jakarta Selatan","0,1250","0,1392","0,1337","0,6250","0,4444","0,3333"
801,Rumah mewah baru minimalia di Tebet utara,"0,0750","0,2041","0,0862","0,3750","0,3333","0,1111"
802,"4 Bedrooms House Tebet, Jakarta Selatan, DKI Jakarta","0,0344","0,0913","0,0602","0,2500","0,2222","0,0000"
803,"Rumah Kebon Baru, Tebet, Jakarta Selatan, Hoek, Lokasi Strategis","0,0219","0,0856","0,0691","0,1250","0,1111","0,0000"
804,Rumah Tebet Siap Huni Jalan 2 Mobil,"0,0898","0,2700","0,1159","0,2500","0,3333","0,1111"
805,"Tebet Rumah Classic, Jakarta Selatan","0,0219","0,0113","0,0349","0,0000","0,0000","0,1111"
806,Dijual Rumah Tebet Barat Lokasi Strategis Nyaman Jalan 1 Mobil,"0,0328","0,0818","0,0305","0,1250","0,2222","0,1111"
807,"Dijual Rumah Bangunan 2 Lantai di Tebet, Jakarta Selatan","0,4219","0,4111","0,4822","0,7500","0,3333","0,5556"
808,Dijual Rumah Di Tebet Jakarta Selatan 3 Kmr 150m2 Nyaman Harga Best,"0,0281","0,0818","0,0267","0,1250","0,2222","0,0000"
809,Rumah Lama Tebet Timur Dalam,"0,0219","0,0348","0,0565","0,2500","0,1111","0,0000"
810,"Rumah Minimalis Clasik Tebet Barat, Jakarta Selatan","0,0547","0,1769","0,0386","0,2500","0,2222","0,1111"
811,"Rumah, Bukit Duri Tebet Jakarta, Jalan 2mobil, 162m, Dekat Kokas, BU","0,0172","0,0931","0,0802","0,1250","0,2222","0,1111"
812,"Tebet Rumah siap huni, jalan lebar, lokasi ok","0,0750","0,1101","0,0646","0,2500","0,2222","0,1111"
813,"Tebet Rumah hitung tanah, jalan lebar","0,1297","0,3029","0,2467","0,5000","0,3333","0,3333"
814,Rumah Tebet Dijual Cepat Dengan Lokasi Strategis,"0,0156","0,0630","0,0342","0,1250","0,1111","0,0000"
815,"5 Bedrooms House Tebet, Jakarta Selatan, DKI Jakarta","0,5313","0,3170","0,4056","0,3750","0,2222","0,3333"
816,"4 Bedrooms House Tebet, Jakarta Selatan, DKI Jakarta","0,0469","0,1289","0,0639","0,2500","0,2222","0,1111"
817,"8 Bedrooms House Tebet, Jakarta Selatan, DKI Jakarta","0,0859","0,1759","0,0936","0,7500","0,3333","0,0000"
818,"3 Bedrooms House Tebet, Jakarta Selatan, DKI Jakarta","0,0289","0,0913","0,0602","0,1250","0,1111","0,1111"
819,Dijual Rumah Minimalis 3 Lantai ada Kolam Renang di Tebet,"0,0906","0,2230","0,1085","0,3750","0,4444","0,3333"
820,Rumah Brand New Di Tebet Dekat Ke Jalan 3 Mobil Lt 112meter,"0,0391","0,0818","0,0431","0,1250","0,3333","0,0000"
821,Rumah Siap Huni @ Tebet,"0,0391","0,0913","0,0416","0,2500","0,3333","0,1111"
822,Rumah Mewah Bukit Duri,"0,1484","0,6933","0,2994","0,6250","0,4444","0,1111"
823,Rumah Mewah Harga Murah Siap Huni Akses Strategis Di Tebet Pancoran,"0,1797","0,3923","0,1917","0,5000","0,3333","0,3333"
824,Rumah Asem Baris Tebet,"0,0703","0,1900","0,1456","0,2500","0,2222","0,1111"
825,"Dijual rumah di komplek gudang peluru Tebet, Jakarta Selatan","0,0734","0,1759","0,0802","0,2500","0,3333","0,1111"
826,"Dijual Rumah di Tebet Barat, Jakarta Selatan ~ Lokasi Bagus Jalan Dua Mobil","0,3906","0,4581","0,3202","0,2500","0,2222","0,1111"
827,Rumah 2 lantai di Tebet Dalam,"0,0313","0,0254","0,0788","0,3750","0,3333","0,0000"
828,"Rumah Tebet Lokasi Strategis, Luas Pusat Bisnis. Dekat Kuningan","0,1328","0,3029","0,2422","0,3750","0,3333","0,1111"
829,Rumah Minimalis Di Tebet,"0,0430","0,0913","0,0416","0,1250","0,2222","0,1111"
830,Rumah Di Tebet Nyaman Aman Strategis Jalanan Besar 2 Mobil Bebas Banjir,"0,0859","0,1007","0,0260","0,1250","0,2222","0,0000"
831,Rumah Mewah 2 Lantai Di Asem Baris,"0,1016","0,2230","0,2013","0,3750","0,3333","0,1111"
832,Rumah Mungil Di Tebet Siap Huni,"0,0234","0,0536","0,0045","0,1250","0,3333","0,0000"
833,Rumah mininalis tebet,"0,0453","0,1289","0,0565","0,3750","0,3333","0,0000"
834,Rumah Lux Tebet,"0,2344","0,3641","0,1902","0,3750","0,4444","0,0000"
835,Rumah Baru Di Tebet Timur Lokasi Strategis,"0,0469","0,1289","0,0565","0,2500","0,2222","0,1111"
836,Rumah Cantik Di Tebet Dekat Supomo Pancoran Kuningan Gatot Subroto,"0,0750","0,1007","0,0646","0,2500","0,2222","0,0000"
837,"TEBET - Kondisi Bagus, Dekat Jalan 2 Mobil","0,0453","0,1007","0,0342","0,3750","0,2222","0,1111"
838,"TEBET - Siap Huni, Terawat, Tengah Kota, Strategis","0,0328","0,1101","0,0364","0,1250","0,2222","0,1111"
839,TEBET - Bagus Untuk Investasi dan Harga Sangat Menarik,"0,0313","0,0818","0,0632","0,1250","0,2222","0,0000"
840,"TEBET - Jalan 2 Mobil Lebar, Strategis","0,2031","0,3547","0,2519","0,5000","0,5556","0,5556"
841,TEBET - Siap Huni Lokasi Bagus,"0,1953","0,2719","0,2526","0,5000","0,3333","0,1111"
842,"TEBET - Rumah Bagus, Siap Huni","0,0469","0,1289","0,0602","0,2500","0,2222","0,1111"
843,TEBET - Rumah Baru,"0,0391","0,0536","0,0267","0,1250","0,1111","0,1111"
844,"TEBET - Siap Huni, Kondisi Sangat Terawat","0,0516","0,2230","0,0936","0,3750","0,3333","0,1111"
845,"TEBET - Area Tenang, Aman dan Nyaman","0,0453","0,1101","0,0743","0,2500","0,2222","0,1111"
846,Tebet - Dijual Rumah Mewah Klasik,"0,2813","0,6933","0,2281","0,3750","0,4444","0,4444"
847,"Tebet rumah minimalis modern, jakarta selatan","0,0273","0,1383","0,0275","0,3750","0,3333","0,0000"
848,"Dijual Rumah sangat strategis di Tebet Barat, dekat sekolah, stasiun, Tebet Mas","0,0297","0,1054","0,0594","0,3750","0,1111","0,0000"
849,Rumah Tingkat 2 Lantai Di Komplek Gudang Peluru Tebet Jakarta Selatan,"0,1328","0,4111","0,2162","0,7500","0,4444","0,3333"
850,Dijual Rumah Cantik Di Tebet Akses Jalan Lebar,"0,3438","0,5992","0,6932","0,2500","0,3333","0,3333"
851,"Di Jual Rumah Mewah Sangat Strategis Di Tebet Akses Jalan 2mobil Lebar, Rumah Menghadap Selatan","0,3125","0,5992","0,3663","0,2500","0,3333","0,6667"
852,Di jual rumah di jl persada raya,"0,0469","0,1289","0,1233","0,6250","0,2222","0,0000"
853,Rumah strategis tebet barat,"0,3422","0,5992","0,4428","0,1250","0,2222","0,1111"
854,"Rumah Baru Semi Furnished Depan TAMAN dekat Gelael, Tebet Barat, Jakarta Selatan","0,0469","0,1101","0,0379","0,3750","0,3333","0,0000"
855,"Rumah Tebet Barat Dalam - Jakarta Selatan, Tebet, Jakarta Selatan","0,0344","0,0696","0,0238","0,2500","0,1111","0,0000"
856,"4 Bedrooms House Tebet, Jakarta Selatan, DKI Jakarta","0,0250","0,0913","0,0290","0,2500","0,3333","0,0000"
857,Di Jual Rumah Cantik di Tebet Jalan 1 Mobil Jakarta Selatan,"0,0828","0,1759","0,0936","0,2500","0,2222","0,0000"
858,Rumah Brand New Minimalis Modern Bebas Banjir di Tebet,"0,0375","0,0913","0,0416","0,1250","0,2222","0,0000"
859,"4 Bedrooms House Tebet, Jakarta Selatan, DKI Jakarta","0,0352","0,1289","0,0267","0,2500","0,2222","0,0000"
860,Dijual Rumah Cantik Minimalis Di Tebet Dekat Taman,"0,0313","0,0818","0,0305","0,2500","0,3333","0,0000"
861,Rumah Murah Siap Huni Akses 2 Mobil Tebet Timur Jak Sel,"0,0484","0,1101","0,0750","0,2500","0,2222","0,0000"
862,Rumah Strategis Cocok Untuk Usaha Posisi Huk Di Tebet Timur,"0,0859","0,0630","0,0788","0,2500","0,0000","0,1111"
863,Rumah Strategis Siap Huni Akses 1mobil Di Tebet Barat,"0,0391","0,0818","0,0602","0,2500","0,2222","0,0000"
864,Rumah Siap Huni Hanya 50meter Ke Jalan Asembaris Raya,"0,0172","0,0348","0,0535","0,0000","0,1111","0,0000"
865,Rumah 2lantai Strategis Akses 2mobil Lokasi Asembaris Tebet,"0,0313","0,1289","0,0527","0,0000","0,1111","0,0000"
866,Rumah Asri Siap Huni Strategis Lokasi Asembaris Bebas Banjir,"0,0180","0,0611","0,0602","0,1250","0,1111","0,0000"
867,"Rumah Baru 2,5 Lantai Akses 1mobil Lokasi Tebet Timur","0,0313","0,1289","0,0267","0,1250","0,1111","0,1111"
868,Rumah Bagus Siap Huni Tebet Barat Jak Sel,"0,0352","0,0536","0,0371","0,2500","0,2222","0,0000"
869,Rumah Sederhana Di Tebet Timur Jak Sel,"0,0117","0,0207","0,0267","0,0000","0,0000","0,0000"
870,Rumah Siap Huni Ada Kosan 4pintu Lokasi Tebet Barat Jak Sel,"0,0438","0,1289","0,0676","0,7500","0,7778","0,0000"
871,Rumah Strategis Siap Huni Akses 1mobil Dekat Pasar Tebet Jak Sel,"0,0234","0,0536","0,0342","0,1250","0,1111","0,0000"
872,Rumah Lama Layak Huni Akses 2 Mbl Bs Utk Kosan Di Menteng Dlm Jak Sel,"0,0500","0,1759","0,1129","0,3750","0,3333","0,0000"
873,Rumah Baru Siap Huni Akses 2mobil Semi Furnised Lokasi Tebet Utara,"0,0547","0,0611","0,0267","0,1250","0,2222","0,0000"
874,Rumah Siap Huni Posisi Huk Akses 2mobil 200meter Kejalan Supomo,"0,0938","0,0818","0,0416","0,2500","0,2222","0,0000"
875,Rumah Strategis 100meter Ke Jl Supomo Di Menteng Dalam Tebet Jak Sel,"0,0250","0,0348","0,0639","0,1250","0,1111","0,0000"
876,Rumah Strategis Akses Jalan 2mobil Di Menteng Dalam Tebet Jak Sel,"0,1250","0,3641","0,3685","1,0000","1,0000","0,2222"
877,Tebet Rumah Siap Huni Jln 2 Mbl Nyaman,"0,0469","0,0913","0,0639","0,2500","0,2222","0,1111"
878,"Di Kebun Baru Rumah Terawat, Area Strategis","0,0469","0,0715","0,1308","0,2500","0,3333","0,0000"
879,Dijual Rumah Kokoh Di Gudang Peluru,"0,1484","0,3358","0,2793","0,6250","0,3333","0,1111"